title,person,job
Reservoir Dogs,Quentin Tarantino,Director
Reservoir Dogs,Quentin Tarantino,Writer
Reservoir Dogs,Lawrence Bender,Producer
Reservoir Dogs,Paul Hellerman,Production Manager
Reservoir Dogs,Sally Menke,Editor
Reservoir Dogs,Harvey Keitel,Co-Producer
Reservoir Dogs,Ross Katz,Grip
Reservoir Dogs,David Wasco,Production Design
Reservoir Dogs,Roger Avary,Writer
Reservoir Dogs,Roger Avary,Creator
Reservoir Dogs,Ronnie Yeskel,Casting
Reservoir Dogs,Andrzej Sekula,Director of Photography
Reservoir Dogs,Karyn Rachtman,Music Supervisor
Reservoir Dogs,Sandy Reynolds-Wasco,Set Decoration
Reservoir Dogs,Betsy Heimann,Costume Design
Reservoir Dogs,Debra Grieco,Assistant Accountant
Reservoir Dogs,Richard N. Gladstein,Executive Producer
Reservoir Dogs,Ron Bartlett,Sound Re-Recording Mixer
Reservoir Dogs,Monte Hellman,Executive Producer
Reservoir Dogs,Ken Lesco,Stunt Coordinator
Reservoir Dogs,Mary Claire Hannan,Costume Supervisor
Reservoir Dogs,Martin Kitrosser,Script Supervisor
Reservoir Dogs,Ronna B. Wallace,Executive Producer
Reservoir Dogs,Mark Emery Moore,Steadicam Operator
Reservoir Dogs,Michelle Bühler,Makeup Artist
Reservoir Dogs,Ziad Doueiri,First Assistant Camera
Reservoir Dogs,Stephen Hunter Flick,Supervising Sound Editor
Reservoir Dogs,Kelley Dixon,First Assistant Editor
Reservoir Dogs,Stephen DeLollis,Special Effects
Reservoir Dogs,Rick Yale,Special Effects
Reservoir Dogs,Larry Fioritto,Special Effects Coordinator
Reservoir Dogs,Steve F.B. Smith,Dolby Consultant
Reservoir Dogs,Peggy Kennedy,Casting Associate
Reservoir Dogs,James Lowder,Transportation Coordinator
Reservoir Dogs,Brett C. Smith,Leadman
Reservoir Dogs,Curt Schulkey,Sound Editor
Reservoir Dogs,Geoffrey G. Rubay,Supervising Sound Editor
Reservoir Dogs,Jonathan Bobbitt,Swing
Reservoir Dogs,Jonathan R. Hodges,Property Master
Reservoir Dogs,David E. Stone,Sound Editor
Reservoir Dogs,Marian Green,Stunts
Reservoir Dogs,Jamie Beardsley,First Assistant Director
Reservoir Dogs,Jeannie H. Kelly,Craft Service
Reservoir Dogs,Jacqueline Aronson,Set Costumer
Reservoir Dogs,Bruce Comtois,Security
Reservoir Dogs,Jennifer Pyken,Post Production Assistant
Reservoir Dogs,Charles Ewing Smith,Sound Editor
Reservoir Dogs,Ken Segal,Production Sound Mixer
Reservoir Dogs,Mary Louise Rodgers,Foley Artist
Reservoir Dogs,Kelly Kiernan,Second Assistant Director
Reservoir Dogs,Enid L. Kantor,Production Coordinator
Reservoir Dogs,Marino Pascal,Location Scout
Reservoir Dogs,Ric Urbauer,Key Grip
Reservoir Dogs,Iain Jones,Hair Designer
Reservoir Dogs,Rachel Tanner,Hairstylist
Reservoir Dogs,Suzanne Celeste,Dialect Coach
Reservoir Dogs,David Coffee,Driver
Reservoir Dogs,Wayne Alexander,Legal Services
Reservoir Dogs,Warren Betts,Public Relations
Reservoir Dogs,Melanie Molyneux,Set Medic
Reservoir Dogs,Ben C. Giller,Transportation Captain
Reservoir Dogs,Marina Bailey,Unit Publicist
Reservoir Dogs,Chuck Winston,Color Timer
Reservoir Dogs,Jay Dahlquist,Best Boy Electric
Reservoir Dogs,Joey D. Brown,Electrician
Reservoir Dogs,Greg R. McCullough,Gaffer
Reservoir Dogs,Billy A. Fox,Location Manager
Reservoir Dogs,R. Blaine Currier,Production Accountant
Reservoir Dogs,Dwayne S. Henkel,Boom Operator
Reservoir Dogs,John Hulsman,Assistant Sound Editor
Reservoir Dogs,Cecilia Perna,Foley Mixer
Reservoir Dogs,John Lieberman,Thanks
Reservoir Dogs,Dink Adams,Best Boy Grip
Reservoir Dogs,Andy Spilkoman,Second Second Assistant Director
Reservoir Dogs,Nancy Lynn Hurlbut,Assistant Music Supervisor
Reservoir Dogs,Dennis K. Wilson,Dolly Grip
Reservoir Dogs,Randall Guth,Second Assistant Camera
Reservoir Dogs,Mark Lass,Negative Cutter
Reservoir Dogs,Judith E. Goldman,Assistant Location Manager
Reservoir Dogs,Mary Santiago,Extras Casting
Reservoir Dogs,Robert John Speer,Generator Operator
Reservoir Dogs,Pat Domenico,Key Special Effects
Reservoir Dogs,Wendy Baker,Production Assistant
Pulp Fiction,Quentin Tarantino,Screenplay
Pulp Fiction,Quentin Tarantino,Director
Pulp Fiction,Quentin Tarantino,Story
Pulp Fiction,Lawrence Bender,Producer
Pulp Fiction,Heidi Vogel,Post Production Supervisor
Pulp Fiction,Paul Hellerman,Production Manager
Pulp Fiction,Jennifer Beals,Thanks
Pulp Fiction,Sally Menke,Editor
Pulp Fiction,Danny DeVito,Executive Producer
Pulp Fiction,Bob Weinstein,Co-Executive Producer
Pulp Fiction,Harvey Weinstein,Co-Executive Producer
Pulp Fiction,David Wasco,Production Design
Pulp Fiction,Tatiana S. Riegel,First Assistant Editor
Pulp Fiction,Roger Avary,Story
Pulp Fiction,Bill Unger,Thanks
Pulp Fiction,Ronnie Yeskel,Casting
Pulp Fiction,Michael Shamberg,Executive Producer
Pulp Fiction,Stacey Sher,Executive Producer
Pulp Fiction,Dean Beville,Sound Editor
Pulp Fiction,Andrzej Sekula,Director of Photography
Pulp Fiction,Karyn Rachtman,Music Supervisor
Pulp Fiction,Ken King,Production Sound Mixer
Pulp Fiction,Ruth Lambert,Casting Associate
Pulp Fiction,Gary M. Zuckerbrod,Casting
Pulp Fiction,Charles Collum,Art Direction
Pulp Fiction,Sandy Reynolds-Wasco,Set Decoration
Pulp Fiction,Betsy Heimann,Costume Design
Pulp Fiction,Scott Spiegel,Thanks
Pulp Fiction,Ezra Dweck,Foley Mixer
Pulp Fiction,Richard N. Gladstein,Co-Executive Producer
Pulp Fiction,Andrew Dickler,Editorial Staff
Pulp Fiction,Ken Lesco,Stunt Coordinator
Pulp Fiction,Jeff Olan,Casting
Pulp Fiction,Mary Claire Hannan,Assistant Costume Designer
Pulp Fiction,Ricardo Mestres,Thanks
Pulp Fiction,Martin Kitrosser,Script Supervisor
Pulp Fiction,Daniel Bradford,Set Designer
Pulp Fiction,Lou Arkoff,Thanks
Pulp Fiction,Agnès B.,Thanks
Pulp Fiction,Stephen Martines,Thanks
Pulp Fiction,Emily Wolfe,Art Department Coordinator
Pulp Fiction,Emanuel Steward,Thanks
Pulp Fiction,Michelle Bühler,Makeup Artist
Pulp Fiction,Ziad Doueiri,First Assistant Camera
Pulp Fiction,Mike Simpson,Thanks
Pulp Fiction,Barbara Harris,ADR Voice Casting
Pulp Fiction,Stephen Hunter Flick,Supervising Sound Editor
Pulp Fiction,Peter Borck,Leadman
Pulp Fiction,Terry Jackson,Stunt Double
Pulp Fiction,Vance Trussell,Gaffer
Pulp Fiction,Cameron,Stunts
Pulp Fiction,Cameron,Stand In
Pulp Fiction,Thomas L. Bellissimo,Makeup Effects
Pulp Fiction,Larry Fioritto,Special Effects Coordinator
Pulp Fiction,Lee Stollman,Thanks
Pulp Fiction,Ray Maxwell,Construction Foreman
Pulp Fiction,Patia Prouty,Set Costumer
Pulp Fiction,Derek Raser,Transportation Coordinator
Pulp Fiction,Brian Markey,Construction Coordinator
Pulp Fiction,Bob Gorelick,Steadicam Operator
Pulp Fiction,Audrey Futterman-Stern,Key Hair Stylist
Pulp Fiction,Michael Levine,Camera Operator
Pulp Fiction,John A. Johnston,Assistant Location Manager
Pulp Fiction,Catherine Rowe,Foley Artist
Pulp Fiction,Deborah Wuliger,Unit Publicist
Pulp Fiction,Jonathan R. Hodges,Property Master
Pulp Fiction,Linda Arnold,Hairstylist
Pulp Fiction,Cathryn Jaymes,Thanks
Pulp Fiction,Dana Gustafson,Assistant Sound Editor
Pulp Fiction,Donald Likovich,Assistant Editor
Pulp Fiction,Kevin McTurk,Special Effects Technician
Pulp Fiction,Kathy Nelson,Music Supervisor
Pulp Fiction,Linda R. Chen,Thanks
Pulp Fiction,Billy Gottlieb,Assistant Music Supervisor
Pulp Fiction,Adam Silver,Location Scout
Pulp Fiction,Mary Ramos,Music Coordinator
Pulp Fiction,Samantha Gore,Assistant Art Director
Pulp Fiction,Jacqueline Aronson,Costume Supervisor
Pulp Fiction,Bill Fletcher,Wigmaker
Pulp Fiction,Rolf Johnson,Music Editor
Pulp Fiction,Mike Stanwick,Color Timer
Pulp Fiction,Bruce Jagoda,Electrician
Pulp Fiction,Matthew C. Beville,Sound Recordist
Pulp Fiction,Haley Sweet,Location Assistant
Pulp Fiction,Larry Scharf,Boom Operator
Pulp Fiction,Marc Meisenheimer,Rigging Gaffer
Pulp Fiction,Kelly Kiernan,Second Assistant Director
Pulp Fiction,Anna-Lisa Nilsson,Production Coordinator
Pulp Fiction,Judee Flick,Supervising ADR Editor
Pulp Fiction,Marc Gillson,Lead Painter
Pulp Fiction,Derek Hurd,Craft Service
Pulp Fiction,Ben Parker,Post Production Assistant
Pulp Fiction,Iain Jones,Set Production Assistant
Pulp Fiction,Iain Jones,Hair Designer
Pulp Fiction,Giuseppe Maini III,Painter
Pulp Fiction,Mark Shane Davis,Key Grip
Pulp Fiction,Chris Ahern,Grip
Pulp Fiction,Joseph W. Grafmuller,Set Dressing Artist
Pulp Fiction,Gary L. Brennan,Carpenter
Pulp Fiction,Alonzo Brown Jr.,Driver
Pulp Fiction,Angelo de la Cruz,Camera Loader
Pulp Fiction,Ruben Cortez,Security
Pulp Fiction,Francis R. Mahony III,First Assistant Director
Pulp Fiction,Anthony Hall,Best Boy Electric
Pulp Fiction,Michael Stocks,Key Rigging Grip
Pulp Fiction,Kristen Becht,Assistant Music Supervisor
Pulp Fiction,Rory Dauson,Stand In
Pulp Fiction,Jeff Courtie,ADR Mixer
Pulp Fiction,Kevin McTurk,Special Effects Assistant
Pulp Fiction,Zane,Assistant Accountant
Pulp Fiction,Chris Cullen,Graphic Designer
Pulp Fiction,Bradley Morris,Production Secretary
Pulp Fiction,Gregory C. Smith,Second Assistant Camera
Pulp Fiction,Kristin Dangl,Costumer
Pulp Fiction,John W. Hyde Jr.,Second Second Assistant Director
Pulp Fiction,Liz Chiz,Assistant Decorator
Pulp Fiction,John Felgate,Assistant Property Master
Pulp Fiction,Steve Ingrassia,Swing
Pulp Fiction,Robbie Meckler,Best Boy Grip
Pulp Fiction,Alan Parr,Dolly Grip
Pulp Fiction,Kara Mazzola,Post Production Coordinator
Pulp Fiction,Chuck Kelley,Music Consultant
Pulp Fiction,Michael Haddad,Assistant Craft Service
Pulp Fiction,Cheryl Cain,Assistant Production Coordinator
Pulp Fiction,Chris L. Winslow,Charge Scenic Artist
Pulp Fiction,Andrew Ambrose,Special Effects Assistant
Four Rooms,Allison Anders,Director
Four Rooms,Allison Anders,Writer
Four Rooms,Alexandre Rockwell,Director
Four Rooms,Alexandre Rockwell,Executive Producer
Four Rooms,Alexandre Rockwell,Writer
Four Rooms,Robert Rodriguez,Director
Four Rooms,Robert Rodriguez,Editor
Four Rooms,Robert Rodriguez,Writer
Four Rooms,Quentin Tarantino,Director
Four Rooms,Quentin Tarantino,Executive Producer
Four Rooms,Quentin Tarantino,Writer
Four Rooms,Combustible Edison,Original Music Composer
Four Rooms,Gary Frutkoff,Production Design
Four Rooms,Lance Brown,Sound Designer
Four Rooms,Lawrence Bender,Producer
Four Rooms,Heidi Vogel,Co-Producer
Four Rooms,Paul Hellerman,Production Manager
Four Rooms,Paul Hellerman,Co-Producer
Four Rooms,Scott Lambert,Co-Producer
Four Rooms,Russell Gray,Casting
Four Rooms,Mayne Berke,Art Direction
Four Rooms,Sara Andrews,Set Decoration
Four Rooms,Sally Menke,Editor
Four Rooms,Guillermo Navarro,Director of Photography
Four Rooms,Mark Mothersbaugh,Music Producer
Four Rooms,Andrzej Sekula,Director of Photography
Four Rooms,Karyn Rachtman,Music Supervisor
Four Rooms,Elena Maganini,Editor
Four Rooms,Phil Parmet,Director of Photography
Four Rooms,Randi Hiller,Casting Associate
Four Rooms,Wayne Fitzgerald,Title Designer
Four Rooms,Mary Claire Hannan,Costume Design
Four Rooms,Jonathan Brown,Steadicam Operator
Four Rooms,Susan L. Bertram,Costume Design
Four Rooms,Erik C. Andersen,First Assistant Editor
Four Rooms,Debbie Hayn-Cass,Unit Production Manager
Four Rooms,Debbie Hayn-Cass,Production Supervisor
Four Rooms,Douglas Aarniokoski,First Assistant Director
Four Rooms,Rodrigo García,Director of Photography
Four Rooms,Jay Nierenberg,Sound Editor
Four Rooms,Chuck Jones,Creative Consultant
Four Rooms,Ermahn Ospina,Key Hair Stylist
Four Rooms,Ziad Doueiri,First Assistant Camera
Four Rooms,Barbara Harris,ADR Voice Casting
Four Rooms,Tiffanie DeBartolo,Intern
Four Rooms,Margaret Goodspeed,Editor
Four Rooms,Toni G,Assistant Makeup Artist
Four Rooms,Fernando Altschul,First Assistant Director
Four Rooms,Ray Maxwell,Construction Foreman
Four Rooms,Jayne-Ann Tenggren,Script Supervisor
Four Rooms,Tim Tuchrello,First Assistant Sound Editor
Four Rooms,Brian Markey,Construction Coordinator
Four Rooms,Robert Earl Craft,Location Manager
Four Rooms,Dawn Todd Curfman,Post Production Coordinator
Four Rooms,Zack Davis,ADR Editor
Four Rooms,Becky Sullivan,Supervising ADR Editor
Four Rooms,Pawel Wdowczak,Production Sound Mixer
Four Rooms,Glenn Hoskinson,Sound Effects Editor
Four Rooms,Thom 'Coach' Ehle,Dolby Consultant
Four Rooms,Denise Okimoto,Music Editor
Four Rooms,P. Gerald Knight,Transportation Coordinator
Four Rooms,Bruce Fortune,Supervising Sound Editor
Four Rooms,Kyle Oliver,Location Assistant
Four Rooms,Jacqueline Aronson,Costume Supervisor
Four Rooms,Lynda Reiss,Property Master
Four Rooms,Victor Iorillo,Special Sound Effects
Four Rooms,Marisol Jiménez,Art Department Coordinator
Four Rooms,Mike Stanwick,Color Timer
Four Rooms,Edgar Arellano,Best Boy Electric
Four Rooms,Paul Taglianetti,Special Effects Coordinator
Four Rooms,Nancy Willen,Unit Publicist
Four Rooms,Mynka Draper,Costumer
Four Rooms,Brian Bettwy,Second Assistant Director
Four Rooms,Darrell Dubovsky,Driver
Four Rooms,Paul Koronkiewicz,Boom Operator
Four Rooms,Rick Stribling,Key Grip
Four Rooms,Orlando,Hairstylist
Four Rooms,Bjørn Eivind Aarskog,Second Assistant Camera
Four Rooms,James C. Beeson,Carpenter
Four Rooms,Carlos A. Chavez,Painter
Four Rooms,Marc Gillson,Lead Painter
Four Rooms,T.D. Donnelly,Standby Painter
Four Rooms,Elizabeth Bolden,Grip
Four Rooms,Thomas G. Marquez,Costume Supervisor
Four Rooms,Paul Starr,Makeup Artist
Four Rooms,Sissy Boyd,Choreographer
Four Rooms,Derek Hurd,Craft Service
Four Rooms,Ben Parker,Post Production Assistant
Four Rooms,Ben Parker,Set Production Assistant
Four Rooms,Nick Roberts,Security
Four Rooms,Patrice Carbaugh,Set Medic
Four Rooms,Michael Boyce Harris,Stand In
Four Rooms,Dotti Thompson,Transportation Captain
Four Rooms,Bob Allen,First Assistant Editor
Four Rooms,Marcel DeJure,Electrician
Four Rooms,Chuck Smith,Gaffer
Four Rooms,Deborah Hebert,Production Accountant
Four Rooms,David Gertz,Foley Mixer
Four Rooms,Jan D. Tys,Studio Teachers
Four Rooms,Joseph W. Grafmuller,Swing
Four Rooms,Theresa Repola Mohammed,Negative Cutter
Four Rooms,Kristen Becht,Music Coordinator
Four Rooms,Christina Tucker,ADR Mixer
Four Rooms,Martin Charles,Graphic Designer
Four Rooms,Mary Patvaldnieks,Assistant Decorator
Four Rooms,Andrew King,Assistant Property Master
Four Rooms,Vincent Cassaro,Second Assistant Sound
Four Rooms,Christy Sumner,Special Effects Assistant
Four Rooms,Gregory C. Smith,Assistant Camera
Four Rooms,James Irons,Best Boy Grip
Four Rooms,Bob Ivanjack,Dolly Grip
Four Rooms,Jeff Ervin,Assistant Editor
Four Rooms,Heidrun M. Williams,Assistant Accountant
Four Rooms,Susan Noonan-Gero,Assistant Production Coordinator
Jackie Brown,Quentin Tarantino,Screenplay
Jackie Brown,Quentin Tarantino,Director
Jackie Brown,Quentin Tarantino,Executive Music Producer
Jackie Brown,Lawrence Bender,Producer
Jackie Brown,Lawrence Bender,Executive Music Producer
Jackie Brown,Heidi Vogel,Post Production Supervisor
Jackie Brown,Paul Hellerman,Co-Producer
Jackie Brown,Sally Menke,Editor
Jackie Brown,Bob Weinstein,Executive Producer
Jackie Brown,Harvey Weinstein,Executive Producer
Jackie Brown,Elmore Leonard,Executive Producer
Jackie Brown,Elmore Leonard,Novel
Jackie Brown,Guillermo Navarro,Director of Photography
Jackie Brown,Jaki Brown,Casting
Jackie Brown,Robyn M. Mitchell,Casting
Jackie Brown,David Wasco,Production Design
Jackie Brown,Tatiana S. Riegel,Associate Editor
Jackie Brown,Dean Beville,Sound Editor
Jackie Brown,Marietta Carter-Narcisse,Makeup Artist
Jackie Brown,Sandy Reynolds-Wasco,Set Decoration
Jackie Brown,Richard N. Gladstein,Executive Producer
Jackie Brown,Leonard L. Thomas,Driver
Jackie Brown,Ilona Herman,Makeup Artist
Jackie Brown,Ilona Herman,Hairstylist
Jackie Brown,Steve Joyner,Property Master
Jackie Brown,Andrew Laws,Assistant Art Director
Jackie Brown,Andrew Laws,Graphic Designer
Jackie Brown,Mary L. Mastro,Hairstylist
Jackie Brown,Robert L. Stevenson,Key Hair Stylist
Jackie Brown,Jeff Olan,Extras Casting
Jackie Brown,Mary Claire Hannan,Costume Design
Jackie Brown,Martin Kitrosser,Script Supervisor
Jackie Brown,Daniel Bradford,Art Direction
Jackie Brown,Debbie Hayn-Cass,Production Manager
Jackie Brown,Rowland Wafford,Post Production Assistant
Jackie Brown,Rowland Wafford,Set Production Assistant
Jackie Brown,Alicia M. Tripi,Hairstylist
Jackie Brown,Bob Mills,Makeup Artist
Jackie Brown,David Melito,Art Department Coordinator
Jackie Brown,Joan Rowe,Foley Artist
Jackie Brown,Rick Canelli,ADR Recordist
Jackie Brown,Alex A. Quinn,Production Intern
Jackie Brown,Ermahn Ospina,Key Makeup Artist
Jackie Brown,Ziad Doueiri,First Assistant Camera
Jackie Brown,Barbara Harris,ADR Voice Casting
Jackie Brown,Stephen Hunter Flick,Supervising Sound Editor
Jackie Brown,Charles Maynes,Sound Editor
Jackie Brown,Pilar Savone,Second Second Assistant Director
Jackie Brown,Andrew DeCristofaro,ADR Editor
Jackie Brown,Nicholas James,Sound Editor
Jackie Brown,Terry Zarchi,Extras Casting
Jackie Brown,"Jason ""Jake"" Cross",Grip
Jackie Brown,Brian Pope,Second Assistant Accountant
Jackie Brown,Colleen Mayne,Stand In
Jackie Brown,Warren Hamilton Jr.,Sound Editor
Jackie Brown,Thomas L. Bellissimo,Special Effects Coordinator
Jackie Brown,Kiante Elam,Stunt Coordinator
Jackie Brown,Tom Kramer,Music Editor
Jackie Brown,Paul Berolzheimer,Special Sound Effects
Jackie Brown,Patricio A. Libenson,Sound Editor
Jackie Brown,David V. Butler,Sound Effects
Jackie Brown,George A. Sack,Driver
Jackie Brown,David Lewis Yewdall,Sound Editor
Jackie Brown,Derek Raser,Transportation Coordinator
Jackie Brown,Douglas Dresser,Assistant Location Manager
Jackie Brown,Steve M. Davison,Stunt Coordinator
Jackie Brown,D. Chris Smith,Foley Recordist
Jackie Brown,Frank A. Montaño,Sound Re-Recording Mixer
Jackie Brown,Evan T. Chen,Foley Recordist
Jackie Brown,Sergio Reyes,Additional Sound Re-Recording Mixer
Jackie Brown,Michael Minkler,Sound Re-Recording Mixer
Jackie Brown,Ed Callahan,Sound Editor
Jackie Brown,Caylah Eddleblute,Assistant Property Master
Jackie Brown,Robert Earl Craft,Location Manager
Jackie Brown,Dawn Todd Curfman,Production Coordinator
Jackie Brown,Cathy Agcayab,Assistant Production Coordinator
Jackie Brown,Stephanie Flack,Sound Editor
Jackie Brown,Frank Smathers,Sound Editor
Jackie Brown,Victoria Wood,Wig Designer
Jackie Brown,Mariko Braswell,Set Designer
Jackie Brown,Dan Kneece,Camera Operator
Jackie Brown,Dan Kneece,Steadicam Operator
Jackie Brown,B. Tennyson Sebastian III,Additional Sound Re-Recording Mixer
Jackie Brown,Dana Gustafson,Foley Editor
Jackie Brown,Don Malot,Assistant Makeup Artist
Jackie Brown,Linda Yeaney,First Assistant Sound Editor
Jackie Brown,Darren Michaels,Still Photographer
Jackie Brown,Gary Ritchie,Sound Recordist
Jackie Brown,Michelle Kuznetsky,Music Consultant
Jackie Brown,Mary Ramos,Music Consultant
Jackie Brown,Mark Ulano,Production Sound Mixer
Jackie Brown,Jennie Harris,Assistant Set Decoration
Jackie Brown,Stephanie Johnson,Assistant Editor
Jackie Brown,Ben Bumatai,Head Carpenter
Jackie Brown,Kimberly Lambert,ADR Editor
Jackie Brown,Ann Kline,Music Coordinator
Jackie Brown,Jerome R. Vitucci,Boom Operator
Jackie Brown,Geraldine Brezca,Camera Intern
Jackie Brown,Charles Ewing Smith,Sound Editor
Jackie Brown,Cullen G. Chambers,Stand In
Jackie Brown,Matthew C. Beville,Foley Mixer
Jackie Brown,William Paul Clark,First Assistant Director
Jackie Brown,Don Feeney,Driver
Jackie Brown,Bruce Callahan,Driver
Jackie Brown,David Lee,Gaffer
Jackie Brown,Moore Brian,Driver
Jackie Brown,Gordon Tadd Eto,Electrician
Jackie Brown,John Polce,Stand In
Jackie Brown,Jon Michaels,Sound Effects
Jackie Brown,Gwen Everman,Production Accountant
Jackie Brown,Dena Allen,Set Dresser
Jackie Brown,Rick Stribling,Key Grip
Jackie Brown,Tim Soronen,Best Boy Grip
Jackie Brown,Karen Dimmig,First Assistant Editor
Jackie Brown,Gary Burritt,Negative Cutter
Jackie Brown,Mike Mertens,Color Timer
Jackie Brown,Bruce Carothers,Grip
Jackie Brown,Brian Glazen,Location Assistant
Jackie Brown,Karla Stevens Flanigan,Costume Supervisor
Jackie Brown,Shayne A. Wilson,Script Coordinator
Jackie Brown,Roman Jakobi,Electrician
Jackie Brown,J.T. Thayer,Transportation Captain
Jackie Brown,James Eric,Utility Sound
Jackie Brown,Judee Flick,Supervising ADR Editor
Jackie Brown,David Abrahamsen,Sound
Jackie Brown,Young Vance Cohen,Grip
Jackie Brown,Nathan Hathaway,Best Boy Electric
Jackie Brown,Bradley O'Donnell,Construction Foreman
Jackie Brown,Chandler Vinar,Swing
Jackie Brown,Kristen M. D'Angelo,Production Secretary
Jackie Brown,Thomas J. O'Connell,ADR Mixer
Jackie Brown,Steven Mann,"""B"" Camera Operator"
Jackie Brown,R. Derek Keener,Electrician
Jackie Brown,Keith A. Hascher,Lighting Technician
Jackie Brown,Kimberly Edwards,Post Production Accountant
Jackie Brown,Stephen Pizzo,Second Assistant Camera
Jackie Brown,Geoff Teagardin,Driver
Jackie Brown,Tracy Thielen,Driver
Jackie Brown,Earl Thielen,Driver
Jackie Brown,Richard Chaim,Sound
Jackie Brown,Kenneth Pratt,Production Assistant
Jackie Brown,Jeff Graham,Additional Director of Photography
Jackie Brown,Courtney Pakiz,Stunts
Jackie Brown,John Warner,Key Rigging Grip
Jackie Brown,Norm Hvam,Animation
Jackie Brown,Chris Cullen,Graphic Designer
Jackie Brown,Shannon Hart,Property Buyer
Jackie Brown,Christy Sumner,Special Effects Assistant
Jackie Brown,James Irons,Grip
Jackie Brown,Bob Ivanjack,Dolly Grip
Jackie Brown,Cathy Ragona,Assistant Production Coordinator
Jackie Brown,Cathy Ragona,Post Production Coordinator
Jackie Brown,Dimitris Moraitis,Stand In
Jackie Brown,Mike Bertolina,Production Assistant
Jackie Brown,Tom Lawrence,Stand In
Jackie Brown,Alan Kerr,Foley Artist
Jackie Brown,Rick Lange,Second Assistant Director
Jackie Brown,Linda Stevenson-Khan,Assistant Hairstylist
Jackie Brown,David Coronella,Set Dresser
Jackie Brown,Stoney Emshwiller,Set Dresser
Jackie Brown,Craig Hama,Graphic Designer
Jackie Brown,Mark Hutman,On Set Dresser
Jackie Brown,Gerald Martinez,Graphic Designer
Jackie Brown,Patrick Parkhurst,Construction Coordinator
Jackie Brown,Sally Reed,Set Dresser
Jackie Brown,Scott Tabor,Props
Jackie Brown,Kathleen McCart,Sound Recordist
Jackie Brown,Eric Potter,Sound Effects
Jackie Brown,Anne Gentling,Loader
Jackie Brown,Scot A. Nederman-Paul,Loader
Jackie Brown,Stephen Saunders,Electrician
Jackie Brown,Tom Waisanen,Second Assistant Camera
Jackie Brown,Josh Drew,Rigging Grip
Jackie Brown,Susan D. Fowler,Casting Assistant
Jackie Brown,Carolyn Duffy,Wardrobe Assistant
Jackie Brown,Lee Kartis,Set Costumer
Jackie Brown,Lin Coleman,Assistant Editor
Jackie Brown,Kristin Eaton,Assistant Editor
Jackie Brown,Kyle Oliver,Location Scout
Jackie Brown,Eric Greenspan,Legal Services
Jackie Brown,Elizabeth Gregory,Legal Services
Jackie Brown,John Katovsich,Music Coordinator
Jackie Brown,Paul Burlin,Driver
Jackie Brown,Curtis Clark,Driver
Jackie Brown,Jeff Coffman,Driver
Jackie Brown,Sunday Coony,Driver
Jackie Brown,Ken Day,Camera Car
Jackie Brown,David Garris,Driver
Jackie Brown,Scotty Goudreau,Driver
Jackie Brown,David Joseph,Driver
Jackie Brown,Erin Maguire,Driver
Jackie Brown,George Nadian,Driver
Jackie Brown,Laurence John Reynolds,Driver
Jackie Brown,Matthew Arnold,Production Assistant
Jackie Brown,Paul Candice,Assistant Craft Service
Jackie Brown,David Chute,Unit Publicist
Jackie Brown,Kim Crockett,Stand In
Jackie Brown,Carolyn Sara Fine,Key Set Production Assistant
Jackie Brown,Robert Gonzalez,Production Assistant
Jackie Brown,Scott A. Hale,Production Assistant
Jackie Brown,Bill Miller,Stand In
Jackie Brown,Bret Robins,Production Assistant
Jackie Brown,Nick Salick,Production Intern
Jackie Brown,John Starr,Craft Service
Jackie Brown,Teron Stevenson,Production Intern
Jackie Brown,David Tesi,Set Production Assistant
Jackie Brown,Adam Wallace,Set Production Assistant
Jackie Brown,Peter Christian White,Production Assistant
Jackie Brown,Ann Du Val,Legal Services
Jackie Brown,Carlos K. Goodman,Legal Services
Jackie Brown,Jeff Springer,Legal Services
Kill Bill: Vol. 1,Robert Rodriguez,Thanks
Kill Bill: Vol. 1,Quentin Tarantino,Director
Kill Bill: Vol. 1,Quentin Tarantino,Characters
Kill Bill: Vol. 1,Quentin Tarantino,Writer
Kill Bill: Vol. 1,Lawrence Bender,Producer
Kill Bill: Vol. 1,Uma Thurman,Characters
Kill Bill: Vol. 1,Robert Richardson,Director of Photography
Kill Bill: Vol. 1,Sally Menke,Editor
Kill Bill: Vol. 1,Julie Dreyfus,Casting Associate
Kill Bill: Vol. 1,Koko Maeda,Casting
Kill Bill: Vol. 1,Koko Maeda,Associate Producer
Kill Bill: Vol. 1,Johanna Ray,Casting
Kill Bill: Vol. 1,Harry Cohen,Sound Designer
Kill Bill: Vol. 1,Zoë Bell,Stunt Double
Kill Bill: Vol. 1,Bob Weinstein,Executive Producer
Kill Bill: Vol. 1,Harvey Weinstein,Executive Producer
Kill Bill: Vol. 1,David Wasco,Production Design
Kill Bill: Vol. 1,Scott Martin Gershin,Supervising Sound Editor
Kill Bill: Vol. 1,Yohei Taneda,Production Design
Kill Bill: Vol. 1,Christopher Allen Nelson,Special Effects Makeup Artist
Kill Bill: Vol. 1,RZA,Original Music Composer
Kill Bill: Vol. 1,Bob Beher,Sound Editor
Kill Bill: Vol. 1,Debbie Zoller,Key Makeup Artist
Kill Bill: Vol. 1,Sandy Reynolds-Wasco,Set Decoration
Kill Bill: Vol. 1,Mitsuhisa Ishikawa,Executive Producer
Kill Bill: Vol. 1,Dino Dimuro,Sound Effects Editor
Kill Bill: Vol. 1,Yoshihito Akatsuka,Set Decoration
Kill Bill: Vol. 1,John Hartigan,Special Effects Coordinator
Kill Bill: Vol. 1,Ilona Herman,Makeup Artist
Kill Bill: Vol. 1,Ilona Herman,Hairstylist
Kill Bill: Vol. 1,Frankie Chung,Visual Effects Supervisor
Kill Bill: Vol. 1,Steve Joyner,Property Master
Kill Bill: Vol. 1,Erica Steinberg,Executive Producer
Kill Bill: Vol. 1,Ken Lesco,Utility Stunts
Kill Bill: Vol. 1,Peter Bogdanovich,Thanks
Kill Bill: Vol. 1,Catherine Marie Thomas,Costume Design
Kill Bill: Vol. 1,Kwame Parker,Associate Producer
Kill Bill: Vol. 1,E. Bennett Walsh,Executive Producer
Kill Bill: Vol. 1,Mahiro Maeda,Animation
Kill Bill: Vol. 1,Gregory Nicotero,Makeup Effects
Kill Bill: Vol. 1,Gregory Nicotero,Special Effects Makeup Artist
Kill Bill: Vol. 1,Joan Sobel,First Assistant Editor
Kill Bill: Vol. 1,Daniel Bradford,Art Direction
Kill Bill: Vol. 1,Michiko Nishiwaki,Stunt Double
Kill Bill: Vol. 1,Spencer Sano,Stunts
Kill Bill: Vol. 1,Noriko Watanabe,Hairstylist
Kill Bill: Vol. 1,Howard Berger,Makeup Effects
Kill Bill: Vol. 1,Howard Berger,Special Effects Makeup Artist
Kill Bill: Vol. 1,Jasmine Yuen Carrucan,Second Assistant Camera
Kill Bill: Vol. 1,Minoru Nishida,Art Direction
Kill Bill: Vol. 1,Katsuhito Ishii,Animation Director
Kill Bill: Vol. 1,Mizuho Nishikubo,Second Unit Director
Kill Bill: Vol. 1,Shou Tajima,Art Department Manager
Kill Bill: Vol. 1,Shou Tajima,Character Designer
Kill Bill: Vol. 1,Katsuji Morishita,Producer
Kill Bill: Vol. 1,Nerses Gezalyan,Foley Mixer
Kill Bill: Vol. 1,James Moriana,Foley Artist
Kill Bill: Vol. 1,Branden Spencer,First Assistant Sound Editor
Kill Bill: Vol. 1,Jeffrey Wilhoit,Foley Artist
Kill Bill: Vol. 1,Cao Juiping,Art Direction
Kill Bill: Vol. 1,Takashi Sasaki,Set Designer
Kill Bill: Vol. 1,Jake McKinnon,Special Effects Makeup Artist
Kill Bill: Vol. 1,Kazuto Nakazawa,First Assistant Director
Kill Bill: Vol. 1,Ian Kincaid,Gaffer
Kill Bill: Vol. 1,Larry McConkey,Steadicam Operator
Kill Bill: Vol. 1,Ted Gidlow,Post Production Coordinator
Kill Bill: Vol. 1,Jerome Ro Brooks,Casting Assistant
Kill Bill: Vol. 1,Mary Saisselin,Set Designer
Kill Bill: Vol. 1,Greg D'Auria,Assistant Editor
Kill Bill: Vol. 1,Jake Garber,Special Effects Makeup Artist
Kill Bill: Vol. 1,Scott Patton,Makeup Designer
Kill Bill: Vol. 1,Scott Patton,Makeup Effects Designer
Kill Bill: Vol. 1,Glenn Cannon,Video Assist Operator
Kill Bill: Vol. 1,Monica Staggs,Stunt Double
Kill Bill: Vol. 1,Mitsuo Iso,Animation
Kill Bill: Vol. 1,Motoki Ishida,Production Manager
Kill Bill: Vol. 1,Kumiko Ogawa,Costume Design
Kill Bill: Vol. 1,Helen Monaghan,Costume Supervisor
Kill Bill: Vol. 1,Tom Hartig,Boom Operator
Kill Bill: Vol. 1,Frederick H. Stahly,Dialogue Editor
Kill Bill: Vol. 1,Michael Hertlein,Dialogue Editor
Kill Bill: Vol. 1,Wylie Stateman,Supervising Sound Editor
Kill Bill: Vol. 1,Andrew Cooper,Still Photographer
Kill Bill: Vol. 1,Kanani Wolf,Set Costumer
Kill Bill: Vol. 1,Hidefumi Hanatani,Art Direction
Kill Bill: Vol. 1,Lu Yo Lui,Art Direction
Kill Bill: Vol. 1,Heba Thorisdottir,Makeup Department Head
Kill Bill: Vol. 1,Peter Davidson,Set Designer
Kill Bill: Vol. 1,Gretchen Engel,Art Department Coordinator
Kill Bill: Vol. 1,Katrina Siegmund,Dialogue Editor
Kill Bill: Vol. 1,Peter Michael Sullivan,Sound Designer
Kill Bill: Vol. 1,Corey Pritchett,Special Effects Coordinator
Kill Bill: Vol. 1,Tommy Tom,Visual Effects Supervisor
Kill Bill: Vol. 1,Keith Adams,Stunt Coordinator
Kill Bill: Vol. 1,Daniel Grant North,Costume Supervisor
Kill Bill: Vol. 1,Jay B. Richardson,Music Editor
Kill Bill: Vol. 1,Derek Raser,Transportation Coordinator
Kill Bill: Vol. 1,Douglas Dresser,Location Manager
Kill Bill: Vol. 1,Akira Morii,Location Manager
Kill Bill: Vol. 1,David Greenbaum,Executive Assistant
Kill Bill: Vol. 1,Michael Minkler,Sound Re-Recording Mixer
Kill Bill: Vol. 1,Hugh Waddell,ADR Supervisor
Kill Bill: Vol. 1,Brett C. Smith,Leadman
Kill Bill: Vol. 1,Greg Steele,ADR Mixer
Kill Bill: Vol. 1,Victoria Wood,Wigmaker
Kill Bill: Vol. 1,John R. Manocchia,Rigging Gaffer
Kill Bill: Vol. 1,Will Casey,Unit Publicist
Kill Bill: Vol. 1,Edward J. Borasch Jr,Assistant Property Master
Kill Bill: Vol. 1,James Logan,Stunts
Kill Bill: Vol. 1,Eriko Miyagawa,Art Department Assistant
Kill Bill: Vol. 1,Eddie Bydalek,Sound Mix Technician
Kill Bill: Vol. 1,Shinya Ohira,Animation
Kill Bill: Vol. 1,Eiji Ishimoto,Animation
Kill Bill: Vol. 1,Sushio,Animation
Kill Bill: Vol. 1,Yasunori Miyazawa,Animation
Kill Bill: Vol. 1,Yutaka Sakamoto,Animation Manager
Kill Bill: Vol. 1,Keiichi Sasajima,Animation
Kill Bill: Vol. 1,Hideki Takahashi,Animation
Kill Bill: Vol. 1,Takaaki Yamashita,Animation
Kill Bill: Vol. 1,Dede Nickerson,Associate Producer
Kill Bill: Vol. 1,Bruce Del Castillo,Grip
Kill Bill: Vol. 1,Emanuel Millar,Key Hair Stylist
Kill Bill: Vol. 1,Rachael Lin Gallaghan,Assistant Production Coordinator
Kill Bill: Vol. 1,Michelle Kuznetsky,Music Supervisor
Kill Bill: Vol. 1,Mary Ramos,Music Supervisor
Kill Bill: Vol. 1,Norman Cabrera,Special Effects Makeup Artist
Kill Bill: Vol. 1,Mark Ulano,Production Sound Mixer
Kill Bill: Vol. 1,John Bires,Sound Engineer
Kill Bill: Vol. 1,Steve Borgese,Greensman
Kill Bill: Vol. 1,John Stone,Construction Coordinator
Kill Bill: Vol. 1,Archie Hankins,Carpenter
Kill Bill: Vol. 1,Jeff Plauster,Construction Foreman
Kill Bill: Vol. 1,Jessica Miglio,Camera Production Assistant
Kill Bill: Vol. 1,Cornelia Ryan,Unit Production Manager
Kill Bill: Vol. 1,Vincent Joseph Flaherty,Armorer
Kill Bill: Vol. 1,Michael Spitaletto,Painter
Kill Bill: Vol. 1,Stephen Dudycha,Set Production Assistant
Kill Bill: Vol. 1,Angela Meryl,Stunt Double
Kill Bill: Vol. 1,William Paul Clark,Assistant Director
Kill Bill: Vol. 1,Mark Zunino,Costume Design
Kill Bill: Vol. 1,Alexander AD,Costume Design
Kill Bill: Vol. 1,Satoko Saito,Assistant Art Director
Kill Bill: Vol. 1,Laurel Pickering,Lead Painter
Kill Bill: Vol. 1,Marie Healy,Location Scout
Kill Bill: Vol. 1,Ayako Sakahara,Production Illustrator
Kill Bill: Vol. 1,Elizabeth Norton,Standby Painter
Kill Bill: Vol. 1,Jamie Felz,First Assistant Camera
Kill Bill: Vol. 1,Herb Ault,Key Grip
Kill Bill: Vol. 1,David Ladish,Set Dresser
Kill Bill: Vol. 1,D.A. Young,Additional Music
Kill Bill: Vol. 1,Paul Abraham,Craft Service
Kill Bill: Vol. 1,Robert Aaron Brown,Driver
Kill Bill: Vol. 1,Don Feeney,Picture Car Coordinator
Kill Bill: Vol. 1,Ian Elias,Post Production Assistant
Kill Bill: Vol. 1,Peter Mavromates,Post Production Supervisor
Kill Bill: Vol. 1,Rome Duval,Propmaker
Kill Bill: Vol. 1,Jennifer A. Bolitho,Scenic Artist
Kill Bill: Vol. 1,Elida Cerda,Set Medic
Kill Bill: Vol. 1,Leslie Yeransian,Stand In
Kill Bill: Vol. 1,Sho Brown,Stunts
Kill Bill: Vol. 1,Bruce Callahan,Transportation Co-Captain
Kill Bill: Vol. 1,Arturo del Río,Unit Production Manager
Kill Bill: Vol. 1,Jennifer Hall Lee,Digital Intermediate
Kill Bill: Vol. 1,Greg Fausak,Best Boy Grip
Kill Bill: Vol. 1,Khan Griffith,Electrician
Kill Bill: Vol. 1,Preston A. Adams,Lighting Technician
Kill Bill: Vol. 1,Carlos Escobar,Rigging Grip
Kill Bill: Vol. 1,Katsumi Furuhashi,Production Accountant
Kill Bill: Vol. 1,Jennifer S. Deayton,Production Coordinator
Kill Bill: Vol. 1,Mike Hurst,Assistant Sound Editor
Kill Bill: Vol. 1,Kelly Bumbarger,Digital Compositors
Kill Bill: Vol. 1,Jason Gustafson,Special Effects Supervisor
Kill Bill: Vol. 1,Daniel R. Kerr,Sound
Kill Bill: Vol. 1,Julie Helton,Camera Loader
Kill Bill: Vol. 1,Satya Bellord,Stunts
Kill Bill: Vol. 1,Roger Morris,ADR Recordist
Kill Bill: Vol. 1,Carlos A. Aragon,Assistant Location Manager
Kill Bill: Vol. 1,Shauna Duggins,Stunt Double
Kill Bill: Vol. 1,Jody Hart,Stunt Driver
Kill Bill: Vol. 1,Craig S. Jaeger,Foley Editor
Kill Bill: Vol. 1,Sue Smith,Production Secretary
Kill Bill: Vol. 1,Rich King,Extras Casting
Kill Bill: Vol. 1,Adam Blantz,Utility Sound
Kill Bill: Vol. 1,Antonio V. Garrido,Dolly Grip
Kill Bill: Vol. 1,Rob Moses,Fight Choreographer
Kill Bill: Vol. 1,Kennedy Taylor,First Assistant Director
Kill Bill: Vol. 1,Jonathan Tex Levitt,Second Assistant Director
Kill Bill: Vol. 1,Texas Dave,Third Assistant Director
Kill Bill: Vol. 1,Aaron Denenberg,Negative Cutter
Kill Bill: Vol. 1,Rui Kuroki,Assistant Production Manager
Kill Bill: Vol. 1,Heather I. Denton,Second Second Assistant Director
Kill Bill: Vol. 1,Stephanie Ito,Digital Intermediate Producer
Kill Bill: Vol. 1,Andrew Blau,Travel Coordinator
Kill Bill: Vol. 1,Lisa McCullough,Stunt Double
Kill Bill: Vol. 1,Charlie Estepp,Stunts
Kill Bill: Vol. 1,Gary Fry,Stunts
Kill Bill: Vol. 1,Ty Williams,Stunt Driver
Kill Bill: Vol. 1,Go Abe,Production Assistant
Kill Bill: Vol. 1,Jaime Norman,Visual Effects Production Manager
Kill Bill: Vol. 1,Beverly Jusi,First Assistant Accountant
Kill Bill: Vol. 1,Edward Poveda,Payroll Accountant
Kill Bill: Vol. 1,Lisa Bojarski,Costumer
Kill Bill: Vol. 1,Ryan Tighe,Additional Second Assistant Director
Kill Bill: Vol. 1,Juning Li,Art Department Assistant
Kill Bill: Vol. 1,Kei Itsutsuji,Assistant Set Designer
Kill Bill: Vol. 1,Ellen C. Troy,Construction Buyer
Kill Bill: Vol. 1,Phill Zagajewski,Creative Director
Kill Bill: Vol. 1,Norm Hvam,Graphic Designer
Kill Bill: Vol. 1,Marcus Epps,Swing
Kill Bill: Vol. 1,Jack Jennings,Special Effects Technician
Kill Bill: Vol. 1,Melanie C. Brown,Assistant Camera
Kill Bill: Vol. 1,Amy Lin,Wardrobe Assistant
Kill Bill: Vol. 1,Wendi Morris,Music Coordinator
Kill Bill: Vol. 1,Hiroyuki Nakano,Accountant
Kill Bill: Vol. 1,Jerry Carville,Assistant Accountant
Kill Bill: Vol. 1,Alan Schwartz,Assistant Craft Service
Kill Bill: Vol. 1,Ryutaro Ishimori,Key Production Assistant
Kill Bill: Vol. 1,Sean Carville,Second Assistant Accountant
Kill Bill: Vol. 1,Junichiro Aki,Technical Advisor
Kill Bill: Vol. 1,Ming Qiu,Stunt Double
Kill Bill: Vol. 2,Robert Rodriguez,Original Music Composer
Kill Bill: Vol. 2,Quentin Tarantino,Screenplay
Kill Bill: Vol. 2,Quentin Tarantino,Director
Kill Bill: Vol. 2,Quentin Tarantino,Characters
Kill Bill: Vol. 2,Quentin Tarantino,Writer
Kill Bill: Vol. 2,Lawrence Bender,Producer
Kill Bill: Vol. 2,Uma Thurman,Characters
Kill Bill: Vol. 2,Robert Richardson,Director of Photography
Kill Bill: Vol. 2,Sally Menke,Editor
Kill Bill: Vol. 2,Shin'ichi Chiba,Fight Choreographer
Kill Bill: Vol. 2,Koko Maeda,Casting
Kill Bill: Vol. 2,Koko Maeda,Associate Producer
Kill Bill: Vol. 2,Johanna Ray,Casting
Kill Bill: Vol. 2,Harry Cohen,Supervising Sound Editor
Kill Bill: Vol. 2,Zoë Bell,Stunt Double
Kill Bill: Vol. 2,Bob Weinstein,Executive Producer
Kill Bill: Vol. 2,Harvey Weinstein,Executive Producer
Kill Bill: Vol. 2,David Wasco,Production Design
Kill Bill: Vol. 2,Scott Martin Gershin,Supervising Sound Editor
Kill Bill: Vol. 2,Yohei Taneda,Production Design
Kill Bill: Vol. 2,RZA,Original Music Composer
Kill Bill: Vol. 2,RZA,Additional Music
Kill Bill: Vol. 2,Bob Beher,Sound Editor
Kill Bill: Vol. 2,Sandy Reynolds-Wasco,Set Decoration
Kill Bill: Vol. 2,Dino Dimuro,Sound Designer
Kill Bill: Vol. 2,John Hartigan,Special Effects Coordinator
Kill Bill: Vol. 2,Ilona Herman,Hairstylist
Kill Bill: Vol. 2,Frankie Chung,Visual Effects Supervisor
Kill Bill: Vol. 2,Steve Joyner,Property Master
Kill Bill: Vol. 2,Erica Steinberg,Executive Producer
Kill Bill: Vol. 2,Catherine Marie Thomas,Costume Design
Kill Bill: Vol. 2,E. Bennett Walsh,Executive Producer
Kill Bill: Vol. 2,Ricardo Del Río,Production Supervisor
Kill Bill: Vol. 2,Joan Sobel,First Assistant Editor
Kill Bill: Vol. 2,Daniel Bradford,Art Direction
Kill Bill: Vol. 2,Peggy Eghbalian,Assistant Editor
Kill Bill: Vol. 2,Christopher Tandon,Assistant Art Director
Kill Bill: Vol. 2,Jasmine Yuen Carrucan,Editorial Production Assistant
Kill Bill: Vol. 2,Jasmine Yuen Carrucan,Second Assistant Camera
Kill Bill: Vol. 2,Nerses Gezalyan,Foley Mixer
Kill Bill: Vol. 2,James Moriana,Foley Artist
Kill Bill: Vol. 2,Jeffrey Wilhoit,Foley Artist
Kill Bill: Vol. 2,Cao Juiping,Production Design
Kill Bill: Vol. 2,Ian Kincaid,Gaffer
Kill Bill: Vol. 2,Larry McConkey,Steadicam Operator
Kill Bill: Vol. 2,Carl Thiel,Music Producer
Kill Bill: Vol. 2,Kerry Ann Carmean,Sound Designer
Kill Bill: Vol. 2,Ted Gidlow,Post Production Coordinator
Kill Bill: Vol. 2,Mary Saisselin,Set Designer
Kill Bill: Vol. 2,Jake Garber,Makeup Effects
Kill Bill: Vol. 2,Glenn Cannon,Video Assist Operator
Kill Bill: Vol. 2,Kumiko Ogawa,Costume Design
Kill Bill: Vol. 2,Lee Wimer,Color Timer
Kill Bill: Vol. 2,Tom Hartig,Boom Operator
Kill Bill: Vol. 2,Frederick H. Stahly,Dialogue Editor
Kill Bill: Vol. 2,Michael Hertlein,Dialogue Editor
Kill Bill: Vol. 2,Wylie Stateman,Supervising Sound Editor
Kill Bill: Vol. 2,Andrew Cooper,Still Photographer
Kill Bill: Vol. 2,Kanani Wolf,Set Costumer
Kill Bill: Vol. 2,Heba Thorisdottir,Makeup Department Head
Kill Bill: Vol. 2,Peter Davidson,Set Designer
Kill Bill: Vol. 2,Gretchen Engel,Art Department Coordinator
Kill Bill: Vol. 2,Corey Pritchett,Special Effects Coordinator
Kill Bill: Vol. 2,Keith Adams,Stunt Coordinator
Kill Bill: Vol. 2,Daniel Grant North,Costume Supervisor
Kill Bill: Vol. 2,Jay B. Richardson,Music Editor
Kill Bill: Vol. 2,Derek Raser,Transportation Coordinator
Kill Bill: Vol. 2,Douglas Dresser,Location Manager
Kill Bill: Vol. 2,David James,Sculptor
Kill Bill: Vol. 2,David Greenbaum,Executive Assistant
Kill Bill: Vol. 2,Michael Minkler,Sound Re-Recording Mixer
Kill Bill: Vol. 2,Hugh Waddell,ADR Supervisor
Kill Bill: Vol. 2,Ron Barr,Digital Intermediate Editor
Kill Bill: Vol. 2,Brett C. Smith,Leadman
Kill Bill: Vol. 2,Greg Steele,ADR Mixer
Kill Bill: Vol. 2,Hector C. Gika,Sound Effects Editor
Kill Bill: Vol. 2,Peter Owen,Wigmaker
Kill Bill: Vol. 2,Douglas S. McClintock II,Assistant Location Manager
Kill Bill: Vol. 2,John R. Manocchia,Rigging Gaffer
Kill Bill: Vol. 2,Will Casey,Unit Publicist
Kill Bill: Vol. 2,Kyra Panchenko,Hair Designer
Kill Bill: Vol. 2,Tysuela Hill-Scott,Makeup Artist
Kill Bill: Vol. 2,Edward J. Borasch Jr,Assistant Property Master
Kill Bill: Vol. 2,Eddie Bydalek,Sound Mix Technician
Kill Bill: Vol. 2,Gerardo Rene Arellano,Extras Casting Assistant
Kill Bill: Vol. 2,Dede Nickerson,Associate Producer
Kill Bill: Vol. 2,Jim Hansen,Costumer
Kill Bill: Vol. 2,Emanuel Millar,Key Hair Stylist
Kill Bill: Vol. 2,Rachael Lin Gallaghan,Assistant Production Coordinator
Kill Bill: Vol. 2,Mary Ramos,Music Supervisor
Kill Bill: Vol. 2,Mark Ulano,Production Sound Mixer
Kill Bill: Vol. 2,Pete Anthony,Orchestrator
Kill Bill: Vol. 2,Pete Anthony,Conductor
Kill Bill: Vol. 2,John Bires,Sound Engineer
Kill Bill: Vol. 2,Steve Borgese,Greensman
Kill Bill: Vol. 2,John Stone,Construction Coordinator
Kill Bill: Vol. 2,Archie Hankins,Carpenter
Kill Bill: Vol. 2,Jeff Plauster,Construction Foreman
Kill Bill: Vol. 2,Jessica Miglio,Camera Production Assistant
Kill Bill: Vol. 2,Geraldine Brezca,Set Production Assistant
Kill Bill: Vol. 2,Carlos Ponce de León,Transportation Captain
Kill Bill: Vol. 2,Cornelia Ryan,Production Manager
Kill Bill: Vol. 2,Vincent Joseph Flaherty,Armorer
Kill Bill: Vol. 2,William Paul Clark,Assistant Director
Kill Bill: Vol. 2,Laurel Pickering,Lead Painter
Kill Bill: Vol. 2,Elizabeth Norton,Standby Painter
Kill Bill: Vol. 2,Jamie Felz,First Assistant Camera
Kill Bill: Vol. 2,Herb Ault,Key Grip
Kill Bill: Vol. 2,David Ladish,Set Dresser
Kill Bill: Vol. 2,Paul Abraham,Craft Service
Kill Bill: Vol. 2,Robert Aaron Brown,Driver
Kill Bill: Vol. 2,Don Feeney,Picture Car Coordinator
Kill Bill: Vol. 2,Ian Elias,Sound
Kill Bill: Vol. 2,Peter Mavromates,Post Production Supervisor
Kill Bill: Vol. 2,Rome Duval,Propmaker
Kill Bill: Vol. 2,Jennifer A. Bolitho,Scenic Artist
Kill Bill: Vol. 2,Elida Cerda,Set Medic
Kill Bill: Vol. 2,Bruce Callahan,Transportation Co-Captain
Kill Bill: Vol. 2,Arturo del Río,Unit Production Manager
Kill Bill: Vol. 2,Greg Fausak,Best Boy Grip
Kill Bill: Vol. 2,Khan Griffith,Lighting Technician
Kill Bill: Vol. 2,Jennifer S. Deayton,Production Coordinator
Kill Bill: Vol. 2,Jason Gustafson,Special Effects Supervisor
Kill Bill: Vol. 2,Yingchun Fang,Line Producer
Kill Bill: Vol. 2,Manuel Barrera Oliver,Painter
Kill Bill: Vol. 2,Thomas W. Lay Jr.,Production Illustrator
Kill Bill: Vol. 2,Julie Helton,Camera Loader
Kill Bill: Vol. 2,Kristina Soderquist,Production Controller
Kill Bill: Vol. 2,Norberto Nava,Security Coordinator
Kill Bill: Vol. 2,Hally Grounds,Stand In
Kill Bill: Vol. 2,Ariel Oclarino,Systems Administrators & Support
Kill Bill: Vol. 2,Satya Bellord,Utility Stunts
Kill Bill: Vol. 2,Edgar Ambriz Espinoza,Electrician
Kill Bill: Vol. 2,Jeff Brinker,Rigging Grip
Kill Bill: Vol. 2,Jessica Vogl,Casting Associate
Kill Bill: Vol. 2,Alan Meyerson,Scoring Mixer
Kill Bill: Vol. 2,Christopher Haydostian,Digital Compositors
Kill Bill: Vol. 2,Víctor Solorio,Unit Manager
Kill Bill: Vol. 2,Sue Smith,Production Secretary
Kill Bill: Vol. 2,Kevin Connolly,Musician
Kill Bill: Vol. 2,Rich King,Extras Casting
Kill Bill: Vol. 2,Matthew J. Barden,Grip
Kill Bill: Vol. 2,Antonio V. Garrido,Dolly Grip
Kill Bill: Vol. 2,Rob Moses,Fight Choreographer
Kill Bill: Vol. 2,Aaron Denenberg,Negative Cutter
Kill Bill: Vol. 2,Michele Flynn,Ager/Dyer
Kill Bill: Vol. 2,Dawn Massaro,Second Assistant Director
Kill Bill: Vol. 2,Mike Hurst,Assistant Sound Editor
Kill Bill: Vol. 2,Heather I. Denton,Second Second Assistant Director
Kill Bill: Vol. 2,Stephanie Ito,Digital Intermediate Producer
Kill Bill: Vol. 2,Andrew Blau,Travel Coordinator
Kill Bill: Vol. 2,Janet Kusnick,Storyboard Artist
Kill Bill: Vol. 2,Jaime Norman,Visual Effects Production Manager
Kill Bill: Vol. 2,Keith O. Wilson,Special Effects Assistant
Kill Bill: Vol. 2,Ernesto Cairo,Extras Casting Coordinator
Kill Bill: Vol. 2,Beverly Jusi,First Assistant Accountant
Kill Bill: Vol. 2,Dan Duffy,Generator Operator
Kill Bill: Vol. 2,Edward Poveda,Payroll Accountant
Kill Bill: Vol. 2,Ellen C. Troy,Construction Buyer
Kill Bill: Vol. 2,Phill Zagajewski,Creative Director
Kill Bill: Vol. 2,Marcus Epps,Swing
Kill Bill: Vol. 2,Jack Jennings,Special Effects Technician
Kill Bill: Vol. 2,Amy Lin,Wardrobe Assistant
Kill Bill: Vol. 2,Wendi Morris,Music Coordinator
Kill Bill: Vol. 2,Jerry Carville,Assistant Accountant
Kill Bill: Vol. 2,Alan Schwartz,Assistant Craft Service
Kill Bill: Vol. 2,Sean Carville,Second Assistant Accountant
Kill Bill: Vol. 2,Stephanie A. Fowler,Assistant Makeup Artist
Kill Bill: Vol. 2,Perry Strong,Art Department Assistant
Kill Bill: Vol. 2,Chris Cullen,Graphic Designer
Kill Bill: Vol. 2,Cheryl Bermeo,Stunt Driver
Kill Bill: Vol. 2,Liuba Esperon Otero,Location Assistant
Kill Bill: Vol. 2,Jessica James,Production Assistant
Kill Bill: Vol. 2,Arturo Saldivar,Production Driver
Death Proof,Robert Rodriguez,Producer
Death Proof,Quentin Tarantino,Screenplay
Death Proof,Quentin Tarantino,Director
Death Proof,Quentin Tarantino,Director of Photography
Death Proof,Quentin Tarantino,Producer
Death Proof,Quentin Tarantino,Writer
Death Proof,Sally Menke,Editor
Death Proof,Harry Cohen,Sound Designer
Death Proof,Harry Cohen,Sound Effects Designer
Death Proof,Zoë Bell,Stunts
Death Proof,Bob Weinstein,Executive Producer
Death Proof,Harvey Weinstein,Executive Producer
Death Proof,Elizabeth Avellan,Producer
Death Proof,Beth Sepko,Extras Casting
Death Proof,Mary Vernieu,Casting
Death Proof,Joe D'Augustine,Additional Editor
Death Proof,Dino Dimuro,Sound Effects Editor
Death Proof,Christopher Assells,Sound Effects Editor
Death Proof,Steve Joyner,Production Design
Death Proof,Nina Proctor,Costume Design
Death Proof,Erica Steinberg,Producer
Death Proof,Jeffrey J. Dashnaw,Stunts
Death Proof,Jeffrey J. Dashnaw,Stunt Coordinator
Death Proof,Ken Zorniak,Visual Effects
Death Proof,Martin Kitrosser,Script Supervisor
Death Proof,Gregory Nicotero,Special Effects
Death Proof,Gregory Nicotero,Makeup Effects Designer
Death Proof,Jeanette Scott,Set Decoration
Death Proof,Peggy Eghbalian,Assistant Editor
Death Proof,Howard Berger,Makeup Effects Designer
Death Proof,Michael Keller,Sound Re-Recording Mixer
Death Proof,Joe Rivera,Hairstylist
Death Proof,Barbara Harris,ADR Voice Casting
Death Proof,Nerses Gezalyan,Sound Mixer
Death Proof,Nerses Gezalyan,Foley Mixer
Death Proof,James Moriana,Foley Artist
Death Proof,Jeffrey Wilhoit,Foley Artist
Death Proof,Greg Zimmerman,ADR Recordist
Death Proof,Shannon McIntosh,Executive Producer
Death Proof,Tracy Keehn-Dashnaw,Stunt Double
Death Proof,Jimmy Lindsey,Camera Operator
Death Proof,J.C. Cantu,Casting Associate
Death Proof,David Hack,Leadman
Death Proof,Tracey Landon,Production Supervisor
Death Proof,John McLeod,Special Effects Coordinator
Death Proof,Crystal Santos,Stunts
Death Proof,Harrison Witt,Electrician
Death Proof,Dennis Liddiard,Makeup Artist
Death Proof,Jonny Pray,Costume Supervisor
Death Proof,Tom Hartig,Boom Operator
Death Proof,Jeffrey W. Petersen,Electrician
Death Proof,Michael Hertlein,Dialogue Editor
Death Proof,Margit Pfeiffer,Dialogue Editor
Death Proof,Wylie Stateman,Supervising Sound Editor
Death Proof,Pete Stockton,Key Rigging Grip
Death Proof,Jim Schultz,Music Editor
Death Proof,Jeff B. Adams Jr.,Set Designer
Death Proof,Andrew Cooper,Still Photographer
Death Proof,Ann Scibelli,Sound Designer
Death Proof,Ann Scibelli,Sound Effects Designer
Death Proof,Michael Minkler,Sound Re-Recording Mixer
Death Proof,Caylah Eddleblute,Art Direction
Death Proof,Jennifer Long,Set Decoration Buyer
Death Proof,Ken Gaston-Kilgore,Set Dresser
Death Proof,P.K. Munson,"First Assistant ""B"" Camera"
Death Proof,Pam Fuller,Script Supervisor
Death Proof,Drew Webster,Sound Mix Technician
Death Proof,Joe McCusker,Construction Coordinator
Death Proof,Peter Zinda,Sound Effects Editor
Death Proof,Hap Weaver,Greensman
Death Proof,Scott Wolf,Sound Effects Editor
Death Proof,Will Casey,Unit Publicist
Death Proof,Tara Smith,Hair Department Head
Death Proof,Tysuela Hill-Scott,Makeup Department Head
Death Proof,Darylin Nagy,Key Makeup Artist
Death Proof,Debbie Cortez Haber,Art Department Coordinator
Death Proof,Steve A. Hagberg,Construction Coordinator
Death Proof,Edward J. Borasch Jr,Property Master
Death Proof,David Michael Ableman,Scenic Artist
Death Proof,Mike Walker,Scenic Artist
Death Proof,Renée Tondelli,ADR Supervisor
Death Proof,Michael Janov,CG Supervisor
Death Proof,Arin Finger,Visual Effects Producer
Death Proof,Ryan Tudhope,Visual Effects Supervisor
Death Proof,Stefan Tarzan,Camera Operator
Death Proof,John 'Fest' Sandau,Gaffer
Death Proof,Dan Kneece,Steadicam Operator
Death Proof,Brenda J. Chambers,Set Costumer
Death Proof,Janice Janacek,Set Costumer
Death Proof,Vanessa Nirode,Key Set Costumer
Death Proof,Mirin Soliz,Set Costumer
Death Proof,Nina Kawasaki,First Assistant Editor
Death Proof,Cecil D. Evans,Transportation Coordinator
Death Proof,Ken Stranahan,VFX Artist
Death Proof,Travis Carr,Key Set Production Assistant
Death Proof,Eddie Bydalek,Sound Mix Technician
Death Proof,Dana Reed,Stunts
Death Proof,Amber Kirsch,Visual Effects Producer
Death Proof,Crystal Falkner-Paysse,Costumer
Death Proof,Joe Montenegro,Special Effects Technician
Death Proof,Cynthia Streit,Production Coordinator
Death Proof,Mark Ulano,Production Sound Mixer
Death Proof,Stephanie Johnson,Assistant Editor
Death Proof,Stephen R. Sheridan,Color Timer
Death Proof,Dina L. Margolin,Stunts
Death Proof,Shawn Wallbridge,Systems Administrators & Support
Death Proof,Selena Carrillo,Assistant Production Coordinator
Death Proof,Edison Jackson,Rigging Gaffer
Death Proof,Logan Cooper,Location Manager
Death Proof,James F. Cornick,Best Boy Electric
Death Proof,Mike Revell,Production Accountant
Death Proof,Matthew McGinn,Camera Production Assistant
Death Proof,Steve White,Location Manager
Death Proof,Brian Bettwy,First Assistant Director
Death Proof,Clark Campbell,Assistant Editor
Death Proof,Rocky Quiroz,Utility Sound
Death Proof,Mo Henry,Negative Cutter
Death Proof,Richard L. Carden,Best Boy Grip
Death Proof,Jim Shelton,Key Grip
Death Proof,Jamie Franta,Grip
Death Proof,Karin Silvestri,Stunt Double
Death Proof,Chrissy Weathersby Ball,Stunt Double
Death Proof,Ronald Perkins,Construction Foreman
Death Proof,Alan R. Serotta,Construction Foreman
Death Proof,Gary A. Beaird,Dolly Grip
Death Proof,Bethany Orlemann,Assistant Editor
Death Proof,Neil Fraser,Rigging Grip
Death Proof,Ferrell A. Shinnick,Key Grip
Death Proof,Kurt Volk,Graphic Designer
Death Proof,Sebastian Vega,"First Assistant ""A"" Camera"
Death Proof,Erin Michelle Hopkins,Assistant Editor
Death Proof,Raul Mello,Electrician
Death Proof,Sean Wright,Grip
Death Proof,Rick Pratt,Key Rigging Grip
Death Proof,Kenneth Bosse,Special Effects Technician
Death Proof,Jennifer Mosley,Assistant Production Coordinator
Death Proof,Daniel Yates,Special Effects Technician
Death Proof,Dirk Rogers,Special Effects Technician
Death Proof,Cheri Jacobs,First Assistant Accountant
Death Proof,Amanda Curry,First Assistant Accountant
Death Proof,Matthew K. Grigsby,Production Accountant
Death Proof,Eric Johnson,Editorial Production Assistant
Death Proof,April Kelley,"Second Assistant ""A"" Camera"
Death Proof,Susan Jasso,Second Second Assistant Director
Death Proof,Michael Dudash,Painter
Death Proof,Kurt Kornemann,Best Boy Grip
Death Proof,Kelly Bogdan,"Second Assistant ""B"" Camera"
Death Proof,Mike Sheeren,Dolly Grip
Death Proof,Todd Smiley,Assistant Chief Lighting Technician
Death Proof,Todd Green,Assistant Production Coordinator
Death Proof,Mary Duque,Art Department Assistant
Death Proof,Richard M. Moore,Propmaker
Death Proof,Robert Janecka,Electrician
Death Proof,Scott Conn,Electrician
Death Proof,Matt Fliehler,Electrician
Death Proof,David Rimer,Second Assistant Director
Death Proof,Barbara Chennault,Production Assistant
Death Proof,Omar Torres,Special Effects Technician
Death Proof,Michael Semon,Assistant Property Master
Death Proof,Carrin Welch,Construction Buyer
Death Proof,Jammie S. Goodman,Painter
Death Proof,Garry Kirks,Propmaker
Death Proof,James Toole,Propmaker
Death Proof,Douglas Gessaman,Propmaker
Death Proof,Timothy W. Lobdell,Propmaker
Death Proof,Desmond O'Regan,Propmaker
Death Proof,Michael P. Weller,Propmaker
Death Proof,Peter Bret Lennon,Propmaker
Death Proof,Dan Hammond,Assistant Camera
Death Proof,John Eschberger,Electrician
Death Proof,Erin Randall,Costumer
Death Proof,Matt Morrow,Editorial Production Assistant
Death Proof,Kyle Kaufman,Location Manager
Death Proof,Brian Cross,Special Effects Technician
Death Proof,Brian Montgomery,Special Effects Technician
Death Proof,Emily Davis,Visual Effects Coordinator
Death Proof,Adam Picchietti,Production Assistant
Death Proof,Denny Rubianes,Production Assistant
Death Proof,Greg Urich,Production Assistant
Death Proof,Rob DaFoe,Production Assistant
Inglourious Basterds,Quentin Tarantino,Director
Inglourious Basterds,Quentin Tarantino,Writer
Inglourious Basterds,Lawrence Bender,Producer
Inglourious Basterds,Robert Richardson,Director of Photography
Inglourious Basterds,Sally Menke,Editor
Inglourious Basterds,Johanna Ray,Casting
Inglourious Basterds,Harry Cohen,Sound Designer
Inglourious Basterds,Zoë Bell,Stunts
Inglourious Basterds,Zoë Bell,Stunt Double
Inglourious Basterds,Lloyd Phillips,Executive Producer
Inglourious Basterds,Maggie Cheung,Thanks
Inglourious Basterds,Tom Tykwer,Thanks
Inglourious Basterds,Bob Weinstein,Executive Producer
Inglourious Basterds,Harvey Weinstein,Executive Producer
Inglourious Basterds,David Wasco,Production Design
Inglourious Basterds,Simone Bär,Casting
Inglourious Basterds,Anna B. Sheppard,Costume Design
Inglourious Basterds,Joe D'Augustine,Additional Editor
Inglourious Basterds,Cloris Leachman,Thanks
Inglourious Basterds,Sandy Reynolds-Wasco,Set Decoration
Inglourious Basterds,Henning Molfenter,Co-Producer
Inglourious Basterds,Charlie Woebcken,Co-Producer
Inglourious Basterds,Marco Bittner Rosser,Art Direction
Inglourious Basterds,Sebastian T. Krawinkel,Supervising Art Director
Inglourious Basterds,Antje Rau,Stunt Coordinator
Inglourious Basterds,Sascha Girndt,Stunts
Inglourious Basterds,Alexandra Nazahn,Stunt Double
Inglourious Basterds,Stephan O. Gessler,Art Direction
Inglourious Basterds,Bud Davis,Stunt Coordinator
Inglourious Basterds,Tony Lamberti,Sound Re-Recording Mixer
Inglourious Basterds,Bruce Moriarty,Associate Producer
Inglourious Basterds,Olivier Carbone,Casting
Inglourious Basterds,Erica Steinberg,Executive Producer
Inglourious Basterds,Jeffrey J. Dashnaw,Stunt Coordinator
Inglourious Basterds,John Dykstra,Visual Effects Designer
Inglourious Basterds,Katrin Schneider,Makeup Artist
Inglourious Basterds,Martin Kitrosser,Script Supervisor
Inglourious Basterds,Gregory Nicotero,Makeup Effects
Inglourious Basterds,Barry Primus,Thanks
Inglourious Basterds,Howard Berger,Makeup Effects
Inglourious Basterds,Carlos Fidel,Assistant Director
Inglourious Basterds,Giorgio Armani,Costume Design
Inglourious Basterds,Julie Garcés,Assistant Editor
Inglourious Basterds,Tim Trella,Utility Stunts
Inglourious Basterds,Gabriel Roth,Thanks
Inglourious Basterds,David Scheunemann,Art Direction
Inglourious Basterds,Pilar Savone,Associate Producer
Inglourious Basterds,Jenny Jue,Casting
Inglourious Basterds,Evan Henke,First Assistant Editor
Inglourious Basterds,Gregg Baxter,ADR Supervisor
Inglourious Basterds,Christoph Fisser,Co-Producer
Inglourious Basterds,François Duhamel,Still Photographer
Inglourious Basterds,Jake Garber,Makeup Effects
Inglourious Basterds,Dörte Eben,Hairstylist
Inglourious Basterds,Nils Konrad,Driver
Inglourious Basterds,Wylie Stateman,Supervising Sound Editor
Inglourious Basterds,Sebastian Meuschel,Steadicam Operator
Inglourious Basterds,Jim Schultz,Music Editor
Inglourious Basterds,Caroline Veyssière,Additional Script Supervisor
Inglourious Basterds,Matthias Pilz,Loader
Inglourious Basterds,Heba Thorisdottir,Makeup Department Head
Inglourious Basterds,Ann Scibelli,Sound Designer
Inglourious Basterds,Michael Minkler,Sound Re-Recording Mixer
Inglourious Basterds,Tina Anderson,Post Production Supervisor
Inglourious Basterds,Klaus Große Darrelmann,Location Manager
Inglourious Basterds,Viktor Müller,Visual Effects Supervisor
Inglourious Basterds,Michael Scheel,Unit Production Manager
Inglourious Basterds,Sheryl Benko,Post Production Coordinator
Inglourious Basterds,Emanuel Millar,Key Hair Stylist
Inglourious Basterds,Yvan Lucas,Color Timer
Inglourious Basterds,Mary Ramos,Music Supervisor
Inglourious Basterds,Mark Ulano,Production Sound Mixer
Inglourious Basterds,Stephanie Johnson,First Assistant Editor
Inglourious Basterds,Gregor Tavenner,"First Assistant ""A"" Camera"
Inglourious Basterds,Birgit Dierken,"First Assistant ""B"" Camera"
Inglourious Basterds,Geraldine Brezca,Clapper Loader
Inglourious Basterds,Gregor Wilson,Unit Production Manager
Inglourious Basterds,William Paul Clark,Associate Producer
Inglourious Basterds,Gero Neumann,"Second Assistant ""A"" Camera"
Inglourious Basterds,Erin Hopkins,Assistant Editor
Inglourious Basterds,Danny Bortfeld,Stunts
Inglourious Basterds,Lester Dunton,Visual Effects Camera
Inglourious Basterds,Christopher Berg,Post Production Supervisor
Inglourious Basterds,Matthew Sakata,Editorial Production Assistant
Inglourious Basterds,Sebastiano Cartier,Stunts
Inglourious Basterds,Nicole Dierken,"Second Assistant ""B"" Camera"
Inglourious Basterds,Kristin Haberland,Stunt Double
Inglourious Basterds,Dennis Grzesczak,Stunts
Inglourious Basterds,Sönke Korries,Stunt Double
Inglourious Basterds,Michael Duessel,Stunts
Django Unchained,Robert Rodriguez,Thanks
Django Unchained,Quentin Tarantino,Director
Django Unchained,Quentin Tarantino,Writer
Django Unchained,Robert Richardson,Director of Photography
Django Unchained,Harry Cohen,Sound Designer
Django Unchained,Victoria Thomas,Casting
Django Unchained,Bob Weinstein,Executive Producer
Django Unchained,Harvey Weinstein,Executive Producer
Django Unchained,James W. Skotchdopole,Executive Producer
Django Unchained,James W. Skotchdopole,Unit Production Manager
Django Unchained,RZA,Thanks
Django Unchained,Michael Shamberg,Executive Producer
Django Unchained,Stacey Sher,Producer
Django Unchained,Richard Roundtree,Thanks
Django Unchained,Sacha Baron Cohen,Thanks
Django Unchained,Kurt Russell,Thanks
Django Unchained,J. Michael Riva,Production Design
Django Unchained,Leslie A. Pope,Set Decoration
Django Unchained,Tim Monich,Dialect Coach
Django Unchained,Tony Lamberti,Sound Re-Recording Mixer
Django Unchained,David F. Klassen,Supervising Art Director
Django Unchained,Sharen Davis,Costume Design
Django Unchained,Franco Nero,Thanks
Django Unchained,Page Buckner,Art Direction
Django Unchained,Jeffrey J. Dashnaw,Stunt Coordinator
Django Unchained,Joseph Gordon-Levitt,Thanks
Django Unchained,Nancy Piraquive,Second Assistant Camera
Django Unchained,Fred Raskin,Editor
Django Unchained,Martin Kitrosser,Script Supervisor
Django Unchained,Gregory Nicotero,Makeup Effects
Django Unchained,Luis Bacalov,Music
Django Unchained,Reginald Hudlin,Producer
Django Unchained,Andrew S. Eisen,First Assistant Editor
Django Unchained,Andrew S. Eisen,Visual Effects Editor
Django Unchained,Erik Polczwartek,Set Dresser
Django Unchained,Lady Gaga,Thanks
Django Unchained,Branden Spencer,Sound Effects Editor
Django Unchained,Ian Kincaid,Gaffer
Django Unchained,Dror Mohar,Sound Effects Editor
Django Unchained,Shannon McIntosh,Executive Producer
Django Unchained,Mara LePere-Schloop,Art Direction
Django Unchained,Larry McConkey,Steadicam Operator
Django Unchained,Pilar Savone,Producer
Django Unchained,Gary A. Hecker,Foley
Django Unchained,Gino Crognale,Makeup Effects
Django Unchained,Greg D'Auria,First Assistant Editor
Django Unchained,Jake Garber,Makeup Effects
Django Unchained,Elaine Ramires,Costume Supervisor
Django Unchained,Chere Theriot,Set Decoration Buyer
Django Unchained,Gary Marullo,Foley
Django Unchained,Nancy Nugent,Dialogue Editor
Django Unchained,Mandi Dillin,Location Manager
Django Unchained,Michael Hertlein,Dialogue Editor
Django Unchained,Wylie Stateman,Supervising Sound Editor
Django Unchained,Russell R. Anderson,Leadman
Django Unchained,Cuitlahuac Morales Velazquez,Sculptor
Django Unchained,Lauri Mills,Studio Teachers
Django Unchained,Andrew Cooper,Still Photographer
Django Unchained,John C. Stuver,Dialogue Editor
Django Unchained,Heba Thorisdottir,Makeup Department Head
Django Unchained,Hope M. Parrish,Property Master
Django Unchained,Molly Allen,Production Supervisor
Django Unchained,Robb Boyd,Music Editor
Django Unchained,Michael Minkler,Sound Re-Recording Mixer
Django Unchained,Tina Anderson,Post Production Supervisor
Django Unchained,Molly Mikula,Set Designer
Django Unchained,Hector C. Gika,Sound Effects Editor
Django Unchained,Victoria Wood,Wigmaker
Django Unchained,Deidra Dixon,Hairstylist
Django Unchained,Durel Yates,Set Dresser
Django Unchained,Marc A. Hammer,Production Supervisor
Django Unchained,Will Casey,Unit Publicist
Django Unchained,Michael D. Wilhoit,Sound Effects Editor
Django Unchained,Tysuela Hill-Scott,Makeup Artist
Django Unchained,Renée Tondelli,ADR Supervisor
Django Unchained,A. Welch Lambeth,Transportation Coordinator
Django Unchained,Steve Duncan,Transportation Coordinator
Django Unchained,Sian Grigg,Makeup Artist
Django Unchained,Camille Friend,Hairstylist
Django Unchained,Caleb Guillotte,Art Department Coordinator
Django Unchained,Lauren Abiouness,Assistant Art Director
Django Unchained,Brian Walker,Construction Coordinator
Django Unchained,Julie Stark,Sequence Supervisor
Django Unchained,Joseph Guerino,Rigging Gaffer
Django Unchained,Kei Rowan-Young,Location Manager
Django Unchained,Remi Savva,Makeup Artist
Django Unchained,Bruce Del Castillo,Grip
Django Unchained,Mark Amos,Production Accountant
Django Unchained,Craig Branham,Stunts
Django Unchained,Yvan Lucas,Digital Intermediate
Django Unchained,Mary Ramos,Music Supervisor
Django Unchained,Mark Ulano,Production Sound Mixer
Django Unchained,Gregor Tavenner,"First Assistant ""A"" Camera"
Django Unchained,Jessica Lakoff,"Second Assistant ""A"" Camera"
Django Unchained,William Paul Clark,Assistant Director
Django Unchained,William Paul Clark,Associate Producer
Django Unchained,Nicole Reed LeFevre,Set Designer
Django Unchained,Craig S. Jaeger,Foley Editor
Django Unchained,Kellie Robinson,Makeup Artist
Django Unchained,Greg Hale,Second Assistant Director
Django Unchained,Vince LeBlanc,Set Dresser
Django Unchained,Darren Patnode,Set Dresser
Django Unchained,Chandler Vinar,Set Dresser
Django Unchained,Greg Steele,Visual Effects Supervisor
Django Unchained,Stephanie Portnoy Porter,Assistant Costume Designer
Django Unchained,John Lamkin,Set Dresser
Django Unchained,Chris Britt,Set Dresser
Django Unchained,Jason Portera,Set Dresser
The Hateful Eight,Quentin Tarantino,Screenplay
The Hateful Eight,Quentin Tarantino,Director
The Hateful Eight,Quentin Tarantino,Writer
The Hateful Eight,Robert Richardson,Director of Photography
The Hateful Eight,Victoria Thomas,Casting
The Hateful Eight,Ennio Morricone,Original Music Composer
The Hateful Eight,Bill Abbott,Music Editor
The Hateful Eight,Bob Weinstein,Executive Producer
The Hateful Eight,Harvey Weinstein,Executive Producer
The Hateful Eight,Georgia Kacandes,Executive Producer
The Hateful Eight,Yohei Taneda,Production Design
The Hateful Eight,Stacey Sher,Producer
The Hateful Eight,Richard L. Johnson,Art Direction
The Hateful Eight,Richard N. Gladstein,Producer
The Hateful Eight,Rosemary Brandenburg,Set Decoration
The Hateful Eight,Jeffrey J. Dashnaw,Stunt Coordinator
The Hateful Eight,Fred Raskin,Editor
The Hateful Eight,Martin Kitrosser,Script Supervisor
The Hateful Eight,Andrew S. Eisen,Visual Effects Editor
The Hateful Eight,Greg Funk,Makeup Artist
The Hateful Eight,Shannon McIntosh,Producer
The Hateful Eight,Gary A. Hecker,Foley
The Hateful Eight,Carole Zacek,Set Costumer
The Hateful Eight,Lara Perez Takagi,Visual Effects Coordinator
The Hateful Eight,Courtney Hoffman,Costume Design
The Hateful Eight,Jonny Pray,Costume Supervisor
The Hateful Eight,Benjamin Edelberg,Art Direction
The Hateful Eight,Sylvain Lasseur,Sound Effects Editor
The Hateful Eight,Michael Hertlein,Dialogue Editor
The Hateful Eight,Wylie Stateman,Sound Designer
The Hateful Eight,Wylie Stateman,Supervising Sound Editor
The Hateful Eight,Christian P. Minkler,Sound Re-Recording Mixer
The Hateful Eight,Rick Owens,Foley
The Hateful Eight,Darren Poe,Visual Effects Supervisor
The Hateful Eight,Tricia Yoo,Set Costumer
The Hateful Eight,Joshua Coleman,Set Costumer
The Hateful Eight,Andrew Cooper,Still Photographer
The Hateful Eight,Heba Thorisdottir,Makeup Department Head
The Hateful Eight,Bob Moore Jr.,Set Costumer
The Hateful Eight,Lisa Goldberg,Visual Effects Producer
The Hateful Eight,Michael Harden,Visual Effects Editor
The Hateful Eight,Michael Minkler,Sound Designer
The Hateful Eight,Michael Minkler,Sound Re-Recording Mixer
The Hateful Eight,Tina Anderson,Post Production Supervisor
The Hateful Eight,Stan Parks,Special Effects Supervisor
The Hateful Eight,Hector C. Gika,Sound Effects Editor
The Hateful Eight,Barbara Cantu,Key Hair Stylist
The Hateful Eight,Marina Marit,Set Costumer
The Hateful Eight,Michael Diersing,Construction Coordinator
The Hateful Eight,Marc A. Hammer,Unit Production Manager
The Hateful Eight,Diana Choi,Wigmaker
The Hateful Eight,Bruno Van Zeebroeck,Special Effects Coordinator
The Hateful Eight,Camille Friend,Hair Department Head
The Hateful Eight,Robert 'Rock' Galotti,Armorer
The Hateful Eight,Lauren Hadaway,Dialogue Editor
The Hateful Eight,Shawn Broes,Visual Effects Editor
The Hateful Eight,Bruce Del Castillo,Grip
The Hateful Eight,Sara Ghaffar,Art Department Coordinator
The Hateful Eight,Laurent Gillet,Visual Effects Supervisor
The Hateful Eight,Brittany Montero,Visual Effects Coordinator
The Hateful Eight,Mark Webb,Visual Effects Producer
The Hateful Eight,Mary Ramos,Music Supervisor
The Hateful Eight,Mark Ulano,Sound Designer
The Hateful Eight,Mark Ulano,Production Sound Mixer
The Hateful Eight,Molly Tissavary,Makeup Artist
The Hateful Eight,Gregor Tavenner,First Assistant Camera
The Hateful Eight,Jen R. Clark,Art Department Assistant
The Hateful Eight,Holly E. McCarthy,Art Department Assistant
The Hateful Eight,Mike Edmonson,Special Effects Supervisor
The Hateful Eight,Kil Won Yu,Assistant Art Director
The Hateful Eight,Megan Louise Smith,Visual Effects Coordinator
The Hateful Eight,Ashley Bradford,Visual Effects Coordinator
The Hateful Eight,Patrick Ready,Digital Intermediate
The Hateful Eight,Louise DeCordoba,Production Supervisor
The Hateful Eight,Nick Marra,Sculptor
The Hateful Eight,William Paul Clark,Associate Producer
The Hateful Eight,Billy Hobson,Digital Intermediate
The Hateful Eight,Coco Francini,Associate Producer
The Hateful Eight,Matt Lange,Sound Designer
Once Upon a Time… in Hollywood,Quentin Tarantino,Screenplay
Once Upon a Time… in Hollywood,Quentin Tarantino,Director
Once Upon a Time… in Hollywood,Quentin Tarantino,Producer
Once Upon a Time… in Hollywood,Quentin Tarantino,Writer
Once Upon a Time… in Hollywood,Tim Roth,Thanks
Once Upon a Time… in Hollywood,Robert Richardson,Director of Photography
Once Upon a Time… in Hollywood,Harry Cohen,Sound Effects Designer
Once Upon a Time… in Hollywood,Zoë Bell,Stunt Coordinator
Once Upon a Time… in Hollywood,Victoria Thomas,Casting
Once Upon a Time… in Hollywood,John Dexter,Art Direction
Once Upon a Time… in Hollywood,Nancy Haigh,Set Decoration
Once Upon a Time… in Hollywood,Georgia Kacandes,Executive Producer
Once Upon a Time… in Hollywood,Georgia Kacandes,Unit Production Manager
Once Upon a Time… in Hollywood,Barbara Ling,Production Design
Once Upon a Time… in Hollywood,Richard L. Johnson,Supervising Art Director
Once Upon a Time… in Hollywood,Toni Basil,Choreographer
Once Upon a Time… in Hollywood,Jim Palmer,Stunts
Once Upon a Time… in Hollywood,David Heyman,Producer
Once Upon a Time… in Hollywood,Tim Monich,Dialect Coach
Once Upon a Time… in Hollywood,James Marsden,Thanks
Once Upon a Time… in Hollywood,John Dykstra,Visual Effects Designer
Once Upon a Time… in Hollywood,Adam West,Thanks
Once Upon a Time… in Hollywood,Burt Ward,Thanks
Once Upon a Time… in Hollywood,Arianne Phillips,Costume Designer
Once Upon a Time… in Hollywood,Sergio Corbucci,Thanks
Once Upon a Time… in Hollywood,Fred Raskin,Editor
Once Upon a Time… in Hollywood,Martin Kitrosser,Script Supervisor
Once Upon a Time… in Hollywood,Gregory Nicotero,Makeup Effects Designer
Once Upon a Time… in Hollywood,Kathy Lucas,Set Buyer
Once Upon a Time… in Hollywood,Gary Archer,Prosthetics
Once Upon a Time… in Hollywood,Yu Dong,Executive Producer
Once Upon a Time… in Hollywood,Keith Jardine,Stunts
Once Upon a Time… in Hollywood,Paul Sonski,Set Designer
Once Upon a Time… in Hollywood,Jeremy Fitzgerald,Stunts
Once Upon a Time… in Hollywood,Richard Schuler,Location Manager
Once Upon a Time… in Hollywood,Peter Epstein,Stunts
Once Upon a Time… in Hollywood,Toby Holguin,Stunts
Once Upon a Time… in Hollywood,Marcus Young,Stunts
Once Upon a Time… in Hollywood,Greg Funk,Makeup Department Head
Once Upon a Time… in Hollywood,Ian Kincaid,Gaffer
Once Upon a Time… in Hollywood,Tara Macken,Stunts
Once Upon a Time… in Hollywood,Jeffrey Chan,Executive Producer
Once Upon a Time… in Hollywood,William Fletcher,First Assistant Editor
Once Upon a Time… in Hollywood,Debra Tate,Thanks
Once Upon a Time… in Hollywood,Shannon McIntosh,Producer
Once Upon a Time… in Hollywood,Eric Sundahl,Art Direction
Once Upon a Time… in Hollywood,Nichole Galicia,Thanks
Once Upon a Time… in Hollywood,Sarah Contant,Set Designer
Once Upon a Time… in Hollywood,Gary A. Hecker,Foley Supervisor
Once Upon a Time… in Hollywood,Samuel Le,Stunts
Once Upon a Time… in Hollywood,Andrés Murillo,Rigging Grip
Once Upon a Time… in Hollywood,Tristan Paris Bourne,Art Direction
Once Upon a Time… in Hollywood,Betsy Glick,Key Costumer
Once Upon a Time… in Hollywood,Jean Ann Black,Makeup Artist
Once Upon a Time… in Hollywood,Lynda Foote,Costume Supervisor
Once Upon a Time… in Hollywood,Sylvain Lasseur,Sound Effects Designer
Once Upon a Time… in Hollywood,Sam Page,Set Designer
Once Upon a Time… in Hollywood,Anne Porter,Set Designer
Once Upon a Time… in Hollywood,Tom Hartig,Boom Operator
Once Upon a Time… in Hollywood,Patrushkha Mierzwa,Utility Sound
Once Upon a Time… in Hollywood,Nathan Kelly,Unit Production Manager
Once Upon a Time… in Hollywood,Wylie Stateman,Supervising Sound Editor
Once Upon a Time… in Hollywood,Susannah Carradine,Art Department Coordinator
Once Upon a Time… in Hollywood,Corey Bronson,Set Costumer
Once Upon a Time… in Hollywood,Christian P. Minkler,Sound Re-Recording Mixer
Once Upon a Time… in Hollywood,Rick Owens,Foley Artist
Once Upon a Time… in Hollywood,Sara Philpott,Assistant Set Decoration
Once Upon a Time… in Hollywood,Andrew Cooper,Still Photographer
Once Upon a Time… in Hollywood,Heba Thorisdottir,Makeup Department Head
Once Upon a Time… in Hollywood,Pete Romano,Underwater Camera
Once Upon a Time… in Hollywood,Michael Minkler,Sound Re-Recording Mixer
Once Upon a Time… in Hollywood,Lisa Tutunjian,Digital Intermediate Editor
Once Upon a Time… in Hollywood,Tina Anderson,Post Production Producer
Once Upon a Time… in Hollywood,Angel Acosta,Assistant Property Master
Once Upon a Time… in Hollywood,Shari Ratliff,Set Designer
Once Upon a Time… in Hollywood,Henry Tirl,Steadicam Operator
Once Upon a Time… in Hollywood,Rob O'Malley,Stand In
Once Upon a Time… in Hollywood,John R. Manocchia,Rigging Gaffer
Once Upon a Time… in Hollywood,Will Casey,Unit Publicist
Once Upon a Time… in Hollywood,Janine Rath,Hair Department Head
Once Upon a Time… in Hollywood,Sian Grigg,Makeup Artist
Once Upon a Time… in Hollywood,Andrew Blustain,Assistant Editor
Once Upon a Time… in Hollywood,Kyle Rochlin,Foley Mixer
Once Upon a Time… in Hollywood,Anna Quinn,Hairstylist
Once Upon a Time… in Hollywood,Michael Thurman,Set Dresser
Once Upon a Time… in Hollywood,Mark Weissenfluh,Leadman
Once Upon a Time… in Hollywood,Leigh Bell,Costumer
Once Upon a Time… in Hollywood,Kelly Porter,Set Costumer
Once Upon a Time… in Hollywood,Dana Reed,Stunts
Once Upon a Time… in Hollywood,Jeff Frost,Modeling
Once Upon a Time… in Hollywood,Eric Salas,Stunts
Once Upon a Time… in Hollywood,Bruce Del Castillo,Driver
Once Upon a Time… in Hollywood,Chris Tonick,First Assistant Editor
Once Upon a Time… in Hollywood,Anthony DiMaria,Thanks
Once Upon a Time… in Hollywood,Charlotte Nichol,Actor's Assistant
Once Upon a Time… in Hollywood,Jessica Ripka,Set Decorating Coordinator
Once Upon a Time… in Hollywood,Jeremy Hays,Special Effects Supervisor
Once Upon a Time… in Hollywood,Jimmy Hart,Stunts
Once Upon a Time… in Hollywood,Michelle Diamantides,Hair Department Head
Once Upon a Time… in Hollywood,Mary Ramos,Music Supervisor
Once Upon a Time… in Hollywood,Mark Ulano,Production Sound Mixer
Once Upon a Time… in Hollywood,Gregor Tavenner,First Assistant Camera
Once Upon a Time… in Hollywood,Chris Call,Property Master
Once Upon a Time… in Hollywood,Corey Deist,Assistant Costume Designer
Once Upon a Time… in Hollywood,Michyl-Shannon Quilty,Production Coordinator
Once Upon a Time… in Hollywood,Joel A. Ruiz,Electrician
Once Upon a Time… in Hollywood,Lisa Hoyle,Stunts
Once Upon a Time… in Hollywood,Cindy Mah,Assistant Property Master
Once Upon a Time… in Hollywood,William Paul Clark,Associate Producer
Once Upon a Time… in Hollywood,William Paul Clark,First Assistant Director
Once Upon a Time… in Hollywood,Marc Tantin,Special Effects Technician
Once Upon a Time… in Hollywood,Vanessa Riegel,Graphic Designer
Once Upon a Time… in Hollywood,Jennifer Yoo,Casting Associate
Once Upon a Time… in Hollywood,Chris Centrella,Key Grip
Once Upon a Time… in Hollywood,Mark Aaron Wagner,Stunts
Once Upon a Time… in Hollywood,Tina Charad,Graphic Designer
Once Upon a Time… in Hollywood,Allan Padelford,Stunts
Once Upon a Time… in Hollywood,Bryan Lane,Set Designer
Once Upon a Time… in Hollywood,Krystina Figg,Best Boy Grip
Once Upon a Time… in Hollywood,Jared Gibson,Stand In
Once Upon a Time… in Hollywood,Norman Mora,Stunts
Once Upon a Time… in Hollywood,Dario Perez,Stunts
Once Upon a Time… in Hollywood,Seana Gorlick,Makeup Artist
Once Upon a Time… in Hollywood,Braxton McAllister,Stunts
Once Upon a Time… in Hollywood,Marc Banich,Special Effects Technician
Once Upon a Time… in Hollywood,Stephen Bettles,Special Effects Makeup Artist
Once Upon a Time… in Hollywood,Lauren Baker,Production Assistant
Once Upon a Time… in Hollywood,Rio Noel Zumwalt,Loader
Once Upon a Time… in Hollywood,Vince Manocchia,Electrician
Once Upon a Time… in Hollywood,Robin Borman,Key Costumer
Once Upon a Time… in Hollywood,Fante Zamora,Set Dresser
Once Upon a Time… in Hollywood,Rusty Davis,Grip
Once Upon a Time… in Hollywood,Hugh McCallum,Grip
Once Upon a Time… in Hollywood,Jason Zorigian,Production Supervisor
Once Upon a Time… in Hollywood,Michaela McAllister,Stunts
Once Upon a Time… in Hollywood,Dalton Rondell,Stunts
Once Upon a Time… in Hollywood,Jon Nicholson,Set Dresser
Once Upon a Time… in Hollywood,Christopher T. Sadler,Second Assistant Director
Once Upon a Time… in Hollywood,Darren Patnode,On Set Dresser
Once Upon a Time… in Hollywood,Nashon Petrushkin,Set Dresser
Once Upon a Time… in Hollywood,Brendan Lee,Second Second Assistant Director
Once Upon a Time… in Hollywood,Mike Byrd,Grip
Once Upon a Time… in Hollywood,Maryellen Aviano,Extras Casting Coordinator
Once Upon a Time… in Hollywood,Brit DeLillo,Assistant Editor
Once Upon a Time… in Hollywood,Riley Harper,Stunts
Once Upon a Time… in Hollywood,Glen Yrigoyen,Stunts
Once Upon a Time… in Hollywood,Dylan Hice,Stunts
Once Upon a Time… in Hollywood,Zoe Gardner,Production Assistant
Once Upon a Time… in Hollywood,Karl Van Moorsel,Stunts
Once Upon a Time… in Hollywood,Jory Alvarado,Set Dresser
Once Upon a Time… in Hollywood,Carla Lewis,Extras Casting
Once Upon a Time… in Hollywood,Chris Howland,Additional Production Sound Mixer
Once Upon a Time… in Hollywood,Felicia Leilani Jarvis,Costumer
Once Upon a Time… in Hollywood,Zach Goheen,Sound Editor
Once Upon a Time… in Hollywood,David Tichauer,Mix Technician
Once Upon a Time… in Hollywood,Kevin Souls,Visual Effects Supervisor
Once Upon a Time… in Hollywood,Lance Malbon,Researcher
Once Upon a Time… in Hollywood,Kimberly Shannon Murphy,Stunts
Once Upon a Time… in Hollywood,Amy Redfern,Digital Intermediate Producer
Once Upon a Time… in Hollywood,Leigh Jonte,Casting Assistant
Once Upon a Time… in Hollywood,Edward R. Apodaca,Grip
Once Upon a Time… in Hollywood,Paul Kahil,Actor's Assistant
Once Upon a Time… in Hollywood,Mike Morales,Grip
Once Upon a Time… in Hollywood,Michael James Faradie,Stand In
Once Upon a Time… in Hollywood,Leo Marcil,Sound Editor
Once Upon a Time… in Hollywood,Leah Holmes,Post Production Accountant
Once Upon a Time… in Hollywood,Brandon Linville,First Assistant Accountant
Once Upon a Time… in Hollywood,Christina Beaumont,Location Assistant
Once Upon a Time… in Hollywood,Stephen Mapel,Location Manager
Once Upon a Time… in Hollywood,Jessica Adler,Production Secretary
Once Upon a Time… in Hollywood,Mayra-Alejandra Garcia,Actor's Assistant
Once Upon a Time… in Hollywood,Katie Pruitt,Additional Second Assistant Director
Once Upon a Time… in Hollywood,Paola Magrans,Sound Assistant
Once Upon a Time… in Hollywood,Celine Eva Gimpirea,Production Intern
Once Upon a Time… in Hollywood,Roxanne Gross,Special Effects Technician
Once Upon a Time… in Hollywood,Daren Metropoulos,Associate Producer
Once Upon a Time… in Hollywood,Megan Morris,Second Assistant Camera
Once Upon a Time… in Hollywood,Brett Elliott,Grip
Once Upon a Time… in Hollywood,Andrew Williams,Grip
Once Upon a Time… in Hollywood,Donnell Wiley,Grip
Once Upon a Time… in Hollywood,Jose Reyes,Grip
Once Upon a Time… in Hollywood,Debbie Chung,Additional Second Assistant Director
Once Upon a Time… in Hollywood,Ericka Poniewaz,Set Medic
Once Upon a Time… in Hollywood,Rob Alonzo,Stunt Coordinator
Once Upon a Time… in Hollywood,Rob Alonzo,Fight Choreographer
Once Upon a Time… in Hollywood,Sierra Schotts,Stand In
Once Upon a Time… in Hollywood,Bill Harrison,Pyrotechnician
