person,gender,popularity
Harvey Keitel,M,23.147
Tim Roth,M,20.822
Michael Madsen,M,16.493
Chris Penn,M,19.209
Steve Buscemi,M,23.741
Lawrence Tierney,M,5.838
Randy Brooks,M,4.637
Kirk Baltz,M,2.565
Edward Bunker,M,5.425
Quentin Tarantino,M,27.877
Rich Turner,NS,0.6
David Steen,M,1.62
Tony Cosmo,NS,0.6
Stevo Polyi,NS,0.728
Michael Sottile,M,2.967
Robert Ruth,M,1.96
Lawrence Bender,M,1.646
Linda Kaye,F,1.38
Suzanne Celeste,NS,0.6
Steven Wright,M,3.065
Laurie Lathem,F,1.534
Maria Strova,NS,1.62
Burr Steers,M,1.22
Craig Hamann,M,1.936
Rowland Wafford,NS,0.6
Quentin Tarantino,M,27.877
Quentin Tarantino,M,27.877
Lawrence Bender,M,1.646
Paul Hellerman,M,0.98
Sally Menke,F,2.391
Harvey Keitel,M,23.147
Ross Katz,M,1.266
David Wasco,M,1.4
Roger Avary,M,3.456
Roger Avary,M,3.456
Ronnie Yeskel,F,1.855
Andrzej Sekula,M,1.408
Karyn Rachtman,NS,0.6
Sandy Reynolds-Wasco,F,1.4
Betsy Heimann,F,1.38
Debra Grieco,F,0.6
Richard N. Gladstein,M,0.861
Ron Bartlett,M,1.454
Monte Hellman,M,2.556
Ken Lesco,M,0.7
Mary Claire Hannan,F,1.03
Martin Kitrosser,M,2.389
Ronna B. Wallace,F,0.84
Mark Emery Moore,M,0.995
Michelle Bühler,NS,0.6
Ziad Doueiri,M,1.421
Stephen Hunter Flick,M,0.6
Kelley Dixon,F,0.84
Stephen DeLollis,NS,0.6
Rick Yale,M,0.6
Larry Fioritto,NS,0.6
Steve F.B. Smith,NS,0.6
Peggy Kennedy,NS,0.6
James Lowder,M,0.6
Brett C. Smith,NS,0.625
Curt Schulkey,M,0.6
Geoffrey G. Rubay,M,0.6
Jonathan Bobbitt,NS,0.84
Jonathan R. Hodges,NS,0.6
David E. Stone,M,0.6
Marian Green,F,0.6
Jamie Beardsley,F,1.052
Jeannie H. Kelly,NS,0.6
Jacqueline Aronson,NS,0.6
Bruce Comtois,M,0.6
Jennifer Pyken,F,0.694
Charles Ewing Smith,NS,0.6
Ken Segal,M,0.6
Mary Louise Rodgers,NS,0.6
Kelly Kiernan,F,0.6
Enid L. Kantor,NS,0.6
Marino Pascal,NS,0.6
Ric Urbauer,NS,0.6
Iain Jones,NS,0.6
Rachel Tanner,NS,0.6
Suzanne Celeste,NS,0.6
David Coffee,NS,0.6
Wayne Alexander,NS,0.6
Warren Betts,NS,0.6
Melanie Molyneux,NS,0.6
Ben C. Giller,NS,0.622
Marina Bailey,NS,0.6
Chuck Winston,NS,0.6
Jay Dahlquist,NS,0.6
Joey D. Brown,NS,0.6
Greg R. McCullough,NS,0.6
Billy A. Fox,NS,0.6
R. Blaine Currier,NS,0.6
Dwayne S. Henkel,NS,0.6
John Hulsman,NS,0.6
Cecilia Perna,NS,0.6
John Lieberman,NS,0.6
Dink Adams,NS,0.6
Andy Spilkoman,NS,0.6
Nancy Lynn Hurlbut,NS,0.6
Dennis K. Wilson,NS,0.694
Randall Guth,NS,0.6
Mark Lass,NS,0.6
Judith E. Goldman,NS,0.6
Mary Santiago,F,0.6
Robert John Speer,NS,0.6
Pat Domenico,NS,0.6
Wendy Baker,NS,0.6
John Travolta,M,37.647
Samuel L. Jackson,M,53.233
Uma Thurman,F,31.486
Bruce Willis,M,34.137
Ving Rhames,M,21.636
Harvey Keitel,M,23.147
Eric Stoltz,M,21.967
Tim Roth,M,20.822
Amanda Plummer,F,23.213
Maria de Medeiros,F,8.038
Quentin Tarantino,M,27.877
Christopher Walken,M,32.782
Rosanna Arquette,F,25.37
Peter Greene,M,18.38
Duane Whitaker,M,2.84
Angela Jones,F,7.127
Phil LaMarr,M,7.423
Steve Buscemi,M,23.741
Bronagh Gallagher,F,7.15
Laura Lovelace,F,4.424
Frank Whaley,M,24.442
Burr Steers,M,1.22
Paul Calderon,M,6.326
Jerome Patrick Hoban,M,0.98
Michael Gilden,M,3.882
Gary Shorelle,NS,0.98
Susan Griffiths,F,4.668
Eric Clark,NS,1.614
Joseph Pilato,M,4.176
Brad Blumenthal,M,2.391
Lorelei Leslie,F,3.007
Emil Sitka,M,1.087
Brenda Hillhouse,F,1.661
Chandler Lindauer,NS,2.023
Sy Sher,NS,1.62
Robert Ruth,M,1.96
Rich Turner,NS,0.6
Don Blakely,M,1.997
Carl Allen,NS,0.6
Karen Maruyama,F,3.172
Kathy Griffin,F,4.21
Venessia Valentino,F,3.336
Linda Kaye,F,1.38
Stephen Hibbert,M,1.346
Alexis Arquette,F,4.884
Julia Sweeney,F,5.475
Lawrence Bender,M,1.646
Cie Allman,F,1.38
Rene Beard,M,0.6
Lori Pizzo,F,1.4
Glendon Rich,M,0.98
Devan Richardson,NS,0.6
Ani Sava,F,0.713
Richard Rossi,M,1.38
Quentin Tarantino,M,27.877
Quentin Tarantino,M,27.877
Quentin Tarantino,M,27.877
Lawrence Bender,M,1.646
Heidi Vogel,F,0.6
Paul Hellerman,M,0.98
Jennifer Beals,F,28.327
Sally Menke,F,2.391
Danny DeVito,M,37.988
Bob Weinstein,M,2.843
Harvey Weinstein,M,6.239
David Wasco,M,1.4
Tatiana S. Riegel,F,1.619
Roger Avary,M,3.456
Bill Unger,M,0.6
Ronnie Yeskel,F,1.855
Michael Shamberg,M,4.653
Stacey Sher,F,2.524
Dean Beville,NS,0.6
Andrzej Sekula,M,1.408
Karyn Rachtman,NS,0.6
Ken King,NS,0.6
Ruth Lambert,F,1.96
Gary M. Zuckerbrod,M,0.98
Charles Collum,M,0.6
Sandy Reynolds-Wasco,F,1.4
Betsy Heimann,F,1.38
Scott Spiegel,M,2.941
Ezra Dweck,NS,0.6
Richard N. Gladstein,M,0.861
Andrew Dickler,M,1.38
Ken Lesco,M,0.7
Jeff Olan,M,0.6
Mary Claire Hannan,F,1.03
Ricardo Mestres,M,0.6
Martin Kitrosser,M,2.389
Daniel Bradford,M,0.741
Lou Arkoff,M,1.62
Agnès B.,F,1.4
Stephen Martines,M,2.356
Emily Wolfe,F,0.694
Emanuel Steward,NS,0.6
Michelle Bühler,NS,0.6
Ziad Doueiri,M,1.421
Mike Simpson,M,0.828
Barbara Harris,F,1.882
Stephen Hunter Flick,M,0.6
Peter Borck,M,0.828
Terry Jackson,M,2.06
Vance Trussell,NS,0.6
Cameron,NS,0.6
Cameron,NS,0.6
Thomas L. Bellissimo,M,1.4
Larry Fioritto,NS,0.6
Lee Stollman,M,1.072
Ray Maxwell,M,0.6
Patia Prouty,NS,0.6
Derek Raser,NS,1.627
Brian Markey,M,0.98
Bob Gorelick,M,0.98
Audrey Futterman-Stern,NS,0.6
Michael Levine,NS,0.6
John A. Johnston,NS,0.6
Catherine Rowe,NS,0.773
Deborah Wuliger,NS,0.6
Jonathan R. Hodges,NS,0.6
Linda Arnold,F,0.6
Cathryn Jaymes,NS,0.6
Dana Gustafson,NS,0.6
Donald Likovich,NS,0.6
Kevin McTurk,NS,0.6
Kathy Nelson,F,0.6
Linda R. Chen,NS,1.38
Billy Gottlieb,M,1.22
Adam Silver,M,1.541
Mary Ramos,F,0.6
Samantha Gore,NS,0.6
Jacqueline Aronson,NS,0.6
Bill Fletcher,NS,0.6
Rolf Johnson,NS,0.6
Mike Stanwick,M,0.6
Bruce Jagoda,NS,0.6
Matthew C. Beville,NS,0.6
Haley Sweet,F,0.98
Larry Scharf,NS,0.6
Marc Meisenheimer,NS,0.6
Kelly Kiernan,F,0.6
Anna-Lisa Nilsson,F,0.6
Judee Flick,NS,0.6
Marc Gillson,NS,0.6
Derek Hurd,NS,0.6
Ben Parker,NS,0.6
Iain Jones,NS,0.6
Iain Jones,NS,0.6
Giuseppe Maini III,NS,0.6
Mark Shane Davis,M,0.6
Chris Ahern,NS,0.694
Joseph W. Grafmuller,NS,0.6
Gary L. Brennan,NS,0.6
Alonzo Brown Jr.,NS,1.22
Angelo de la Cruz,NS,0.6
Ruben Cortez,NS,0.6
Francis R. Mahony III,M,0.6
Anthony Hall,NS,0.6
Michael Stocks,NS,0.6
Kristen Becht,NS,0.6
Rory Dauson,NS,0.6
Jeff Courtie,M,0.6
Kevin McTurk,NS,0.6
Zane,NS,0.6
Chris Cullen,NS,0.6
Bradley Morris,NS,0.6
Gregory C. Smith,NS,0.6
Kristin Dangl,NS,0.6
John W. Hyde Jr.,NS,0.6
Liz Chiz,NS,0.6
John Felgate,NS,0.6
Steve Ingrassia,NS,0.6
Robbie Meckler,NS,0.6
Alan Parr,NS,0.6
Kara Mazzola,NS,0.6
Chuck Kelley,NS,0.6
Michael Haddad,NS,0.6
Cheryl Cain,NS,0.6
Chris L. Winslow,NS,0.6
Andrew Ambrose,NS,0.6
Tim Roth,M,20.822
Jennifer Beals,F,28.327
Antonio Banderas,M,42.428
Valeria Golino,F,17.012
David Proval,M,7.475
Sammi Davis,F,4.621
Amanda de Cadenet,F,3.279
Madonna,F,8.837
Ione Skye,F,11.097
Lili Taylor,F,19.267
Alicia Witt,F,15.845
Tamlyn Tomita,F,15.245
Lana McKissack,F,3.409
Danny Verduzco,M,0.6
Patricia Vonne,F,1.22
Salma Hayek,F,56.348
Quentin Tarantino,M,27.877
Paul Calderon,M,6.326
Bruce Willis,M,34.137
Marisa Tomei,F,21.488
Kathy Griffin,F,4.21
Lawrence Bender,M,1.646
Kimberly Blair,F,0.6
Marc Lawrence,M,7.291
Paul Skemp,NS,0.6
Allison Anders,F,3.076
Allison Anders,F,3.076
Alexandre Rockwell,M,0.84
Alexandre Rockwell,M,0.84
Alexandre Rockwell,M,0.84
Robert Rodriguez,M,9.312
Robert Rodriguez,M,9.312
Robert Rodriguez,M,9.312
Quentin Tarantino,M,27.877
Quentin Tarantino,M,27.877
Quentin Tarantino,M,27.877
Combustible Edison,NS,0.6
Gary Frutkoff,M,1.4
Lance Brown,M,0.6
Lawrence Bender,M,1.646
Heidi Vogel,F,0.6
Paul Hellerman,M,0.98
Paul Hellerman,M,0.98
Scott Lambert,M,0.6
Russell Gray,M,0.6
Mayne Berke,M,1.38
Sara Andrews,F,0.6
Sally Menke,F,2.391
Guillermo Navarro,M,1.749
Mark Mothersbaugh,M,1.004
Andrzej Sekula,M,1.408
Karyn Rachtman,NS,0.6
Elena Maganini,NS,0.699
Phil Parmet,M,0.98
Randi Hiller,F,1.957
Wayne Fitzgerald,NS,1.4
Mary Claire Hannan,F,1.03
Jonathan Brown,M,0.703
Susan L. Bertram,F,1.38
Erik C. Andersen,NS,0.6
Debbie Hayn-Cass,NS,1.094
Debbie Hayn-Cass,NS,1.094
Douglas Aarniokoski,M,1.599
Rodrigo García,M,2.996
Jay Nierenberg,M,0.98
Chuck Jones,M,3.221
Ermahn Ospina,NS,1.22
Ziad Doueiri,M,1.421
Barbara Harris,F,1.882
Tiffanie DeBartolo,NS,0.98
Margaret Goodspeed,F,0.6
Toni G,F,0.98
Fernando Altschul,NS,0.6
Ray Maxwell,M,0.6
Jayne-Ann Tenggren,F,0.6
Tim Tuchrello,NS,0.648
Brian Markey,M,1.094
Robert Earl Craft,NS,0.629
Dawn Todd Curfman,F,0.62
Zack Davis,NS,0.6
Becky Sullivan,F,0.6
Pawel Wdowczak,M,1.004
Glenn Hoskinson,M,0.6
Thom 'Coach' Ehle,NS,0.6
Denise Okimoto,F,0.6
P. Gerald Knight,NS,0.6
Bruce Fortune,NS,0.6
Kyle Oliver,NS,0.84
Jacqueline Aronson,NS,0.6
Lynda Reiss,F,0.6
Victor Iorillo,NS,0.6
Marisol Jiménez,NS,0.6
Mike Stanwick,M,0.6
Edgar Arellano,NS,0.6
Paul Taglianetti,NS,0.6
Nancy Willen,NS,0.6
Mynka Draper,NS,1.4
Brian Bettwy,NS,1.38
Darrell Dubovsky,NS,0.6
Paul Koronkiewicz,M,0.6
Rick Stribling,NS,0.6
Orlando,NS,0.6
Bjørn Eivind Aarskog,NS,0.6
James C. Beeson,NS,0.6
Carlos A. Chavez,NS,0.6
Marc Gillson,NS,0.6
T.D. Donnelly,NS,0.6
Elizabeth Bolden,NS,0.6
Thomas G. Marquez,NS,0.6
Paul Starr,NS,0.6
Sissy Boyd,NS,0.6
Derek Hurd,NS,0.6
Ben Parker,NS,0.6
Ben Parker,NS,0.6
Nick Roberts,NS,0.6
Patrice Carbaugh,NS,0.6
Michael Boyce Harris,NS,0.6
Dotti Thompson,NS,0.6
Bob Allen,NS,0.6
Marcel DeJure,NS,0.6
Chuck Smith,NS,0.6
Deborah Hebert,NS,0.6
David Gertz,M,0.6
Jan D. Tys,NS,0.6
Joseph W. Grafmuller,NS,0.6
Theresa Repola Mohammed,F,4.04
Kristen Becht,NS,0.6
Christina Tucker,NS,0.6
Martin Charles,NS,0.6
Mary Patvaldnieks,NS,0.6
Andrew King,NS,0.6
Vincent Cassaro,NS,0.6
Christy Sumner,F,0.6
Gregory C. Smith,NS,0.6
James Irons,NS,0.694
Bob Ivanjack,NS,0.6
Jeff Ervin,NS,0.6
Heidrun M. Williams,NS,0.6
Susan Noonan-Gero,NS,0.6
Pam Grier,F,16.421
Samuel L. Jackson,M,53.233
Robert De Niro,M,54.01
Bridget Fonda,F,26.976
Michael Keaton,M,34.262
Robert Forster,M,14.274
Michael Bowen,M,5.52
Chris Tucker,M,21.989
LisaGay Hamilton,F,4.55
Tom 'Tiny' Lister Jr.,M,11.344
Hattie Winston,F,4.471
Sid Haig,M,8.457
Aimee Graham,F,11.845
Ellis E. Williams,M,1.4
Tangie Ambrose,F,3.53
T'Keyah Crystal Keymáh,F,1.252
Vanessia Valentino,NS,0.6
Diana Uribe,NS,0.637
Renee Kelly,F,0.648
Elizabeth McInerney,F,0.6
Colleen Mayne,F,0.63
Laura Lovelace,F,4.424
Christine Lydon,F,2.877
Julia Ervin,F,0.6
Juliet Long,NS,1.094
Michelle Berube,F,1.4
Gillian White,F,2.607
Candice Briese,NS,0.6
Gary Mann,M,0.6
Jeffrey Deedrick,NS,0.6
Roy Nesvold,NS,0.6
Herbert Hans Wilmsen,NS,0.6
Mary Ann Schmidt,F,5.64
Glendon Rich,M,0.6
Denise Crosby,F,13.334
Quentin Tarantino,M,27.877
Quentin Tarantino,M,27.877
Quentin Tarantino,M,27.877
Quentin Tarantino,M,27.877
Lawrence Bender,M,1.646
Lawrence Bender,M,1.646
Heidi Vogel,F,0.6
Paul Hellerman,M,0.98
Sally Menke,F,2.391
Bob Weinstein,M,2.843
Harvey Weinstein,M,6.239
Elmore Leonard,M,1.9
Elmore Leonard,M,1.9
Guillermo Navarro,M,1.749
Jaki Brown,F,2.037
Robyn M. Mitchell,F,0.6
David Wasco,M,1.4
Tatiana S. Riegel,F,1.619
Dean Beville,NS,0.6
Marietta Carter-Narcisse,F,0.6
Sandy Reynolds-Wasco,F,1.4
Richard N. Gladstein,M,0.861
Leonard L. Thomas,M,2.363
Ilona Herman,F,1.932
Ilona Herman,F,1.932
Steve Joyner,M,1.22
Andrew Laws,M,0.6
Andrew Laws,M,0.6
Mary L. Mastro,NS,0.6
Robert L. Stevenson,M,0.828
Jeff Olan,M,0.6
Mary Claire Hannan,F,1.03
Martin Kitrosser,M,2.389
Daniel Bradford,M,0.741
Debbie Hayn-Cass,NS,1.094
Rowland Wafford,NS,0.6
Rowland Wafford,NS,0.6
Alicia M. Tripi,F,0.6
Bob Mills,NS,0.6
David Melito,M,0.6
Joan Rowe,F,0.98
Rick Canelli,NS,1.4
Alex A. Quinn,M,1.114
Ermahn Ospina,NS,1.22
Ziad Doueiri,M,1.421
Barbara Harris,F,1.882
Stephen Hunter Flick,M,0.6
Charles Maynes,NS,0.677
Pilar Savone,F,0.6
Andrew DeCristofaro,NS,0.6
Nicholas James,M,0.6
Terry Zarchi,M,1.96
"Jason ""Jake"" Cross",M,1.095
Brian Pope,NS,0.6
Colleen Mayne,F,0.63
Warren Hamilton Jr.,NS,0.6
Thomas L. Bellissimo,M,1.96
Kiante Elam,M,0.753
Tom Kramer,M,0.6
Paul Berolzheimer,NS,0.84
Patricio A. Libenson,NS,0.6
David V. Butler,M,0.999
George A. Sack,M,0.6
David Lewis Yewdall,M,0.6
Derek Raser,NS,1.288
Douglas Dresser,NS,0.6
Steve M. Davison,M,2.236
D. Chris Smith,M,0.98
Frank A. Montaño,M,0.6
Evan T. Chen,NS,0.6
Sergio Reyes,M,0.6
Michael Minkler,M,1.22
Ed Callahan,M,1.102
Caylah Eddleblute,NS,0.828
Robert Earl Craft,NS,0.629
Dawn Todd Curfman,F,0.62
Cathy Agcayab,NS,0.6
Stephanie Flack,NS,0.98
Frank Smathers,M,0.6
Victoria Wood,F,0.6
Mariko Braswell,NS,0.6
Dan Kneece,M,2.058
Dan Kneece,M,2.058
B. Tennyson Sebastian III,NS,0.755
Dana Gustafson,NS,0.6
Don Malot,NS,0.6
Linda Yeaney,NS,0.6
Darren Michaels,M,0.6
Gary Ritchie,M,0.6
Michelle Kuznetsky,F,0.702
Mary Ramos,F,0.98
Mark Ulano,M,2.869
Jennie Harris,NS,0.6
Stephanie Johnson,NS,0.6
Ben Bumatai,NS,0.6
Kimberly Lambert,NS,0.828
Ann Kline,NS,0.6
Jerome R. Vitucci,NS,0.6
Geraldine Brezca,NS,0.6
Charles Ewing Smith,NS,1.38
Cullen G. Chambers,M,1.985
Matthew C. Beville,NS,0.6
William Paul Clark,M,1.22
Don Feeney,NS,0.6
Bruce Callahan,NS,0.6
David Lee,NS,1.38
Moore Brian,M,0.6
Gordon Tadd Eto,M,0.6
John Polce,M,0.996
Jon Michaels,M,0.6
Gwen Everman,F,0.6
Dena Allen,NS,0.6
Rick Stribling,NS,0.6
Tim Soronen,NS,0.694
Karen Dimmig,NS,0.6
Gary Burritt,M,0.98
Mike Mertens,M,0.764
Bruce Carothers,M,0.6
Brian Glazen,NS,0.6
Karla Stevens Flanigan,F,0.6
Shayne A. Wilson,NS,0.6
Roman Jakobi,NS,0.6
J.T. Thayer,NS,0.6
James Eric,NS,0.6
Judee Flick,NS,0.6
David Abrahamsen,NS,0.6
Young Vance Cohen,NS,0.6
Nathan Hathaway,NS,0.6
Bradley O'Donnell,NS,0.6
Chandler Vinar,NS,0.6
Kristen M. D'Angelo,NS,0.6
Thomas J. O'Connell,M,1.986
Steven Mann,NS,0.6
R. Derek Keener,M,0.6
Keith A. Hascher,NS,0.6
Kimberly Edwards,NS,0.6
Stephen Pizzo,NS,0.6
Geoff Teagardin,M,0.6
Tracy Thielen,M,0.6
Earl Thielen,M,0.6
Richard Chaim,NS,0.6
Kenneth Pratt,NS,0.6
Jeff Graham,NS,0.6
Courtney Pakiz,NS,0.98
John Warner,M,0.6
Norm Hvam,NS,0.6
Chris Cullen,NS,0.98
Shannon Hart,NS,0.6
Christy Sumner,F,0.6
James Irons,NS,0.694
Bob Ivanjack,NS,0.6
Cathy Ragona,NS,0.6
Cathy Ragona,NS,0.6
Dimitris Moraitis,NS,0.6
Mike Bertolina,NS,1.471
Tom Lawrence,M,0.84
Alan Kerr,M,0.6
Rick Lange,M,0.6
Linda Stevenson-Khan,NS,0.6
David Coronella,NS,0.6
Stoney Emshwiller,NS,0.6
Craig Hama,NS,0.6
Mark Hutman,NS,0.6
Gerald Martinez,NS,0.6
Patrick Parkhurst,NS,0.6
Sally Reed,NS,0.6
Scott Tabor,NS,0.6
Kathleen McCart,NS,0.6
Eric Potter,M,0.6
Anne Gentling,NS,0.6
Scot A. Nederman-Paul,NS,0.6
Stephen Saunders,NS,0.6
Tom Waisanen,NS,0.6
Josh Drew,NS,0.6
Susan D. Fowler,NS,0.6
Carolyn Duffy,NS,0.6
Lee Kartis,NS,0.6
Lin Coleman,NS,0.6
Kristin Eaton,NS,0.6
Kyle Oliver,M,0.6
Eric Greenspan,NS,0.6
Elizabeth Gregory,NS,0.6
John Katovsich,NS,0.6
Paul Burlin,NS,0.6
Curtis Clark,NS,0.6
Jeff Coffman,NS,0.6
Sunday Coony,NS,0.6
Ken Day,NS,0.6
David Garris,NS,0.6
Scotty Goudreau,NS,0.6
David Joseph,M,0.6
Erin Maguire,NS,0.6
George Nadian,NS,0.6
Laurence John Reynolds,NS,0.6
Matthew Arnold,NS,0.6
Paul Candice,NS,0.6
David Chute,M,0.6
Kim Crockett,NS,0.6
Carolyn Sara Fine,NS,0.6
Robert Gonzalez,NS,0.6
Scott A. Hale,NS,0.6
Bill Miller,NS,0.6
Bret Robins,NS,0.6
Nick Salick,NS,0.6
John Starr,NS,0.6
Teron Stevenson,NS,0.6
David Tesi,NS,0.6
Adam Wallace,NS,0.6
Peter Christian White,NS,0.6
Ann Du Val,NS,0.6
Carlos K. Goodman,NS,0.6
Jeff Springer,NS,0.6
Uma Thurman,F,31.486
Lucy Liu,F,35.01
Vivica A. Fox,F,16.018
Daryl Hannah,F,18.971
David Carradine,M,16.337
Michael Madsen,M,16.493
Julie Dreyfus,F,7.353
Chiaki Kuriyama,F,7.711
Shin'ichi Chiba,M,4.934
Gordon Liu Chia-hui,M,10.954
Michael Parks,M,5.003
Michael Bowen,M,5.52
Jun Kunimura,M,8.367
Kenji Ohba,M,4.711
Yuki Kazamatsuri,F,9.246
James Parks,M,3.283
Sakichi Satō,M,2.177
Jonathan Loughran,M,7.579
Yoshiyuki Morishita,M,1.74
Tetsuro Shimaguchi,M,0.6
Kazuki Kitamura,M,6.443
Yoji Tanaka,M,4.49
Sō Yamanaka,M,1.634
Juri Manase,F,2.744
Akaji Maro,M,5.163
Goro Daimon,M,0.6
Shun Sugata,M,3.028
Zhang Jinzhan,M,0.6
Hu Xiaohui,NS,0.6
Ambrosia Kelley,F,2.641
Sachiko Fujii,F,1.214
Shu Lan Tuan,F,2.962
Ai Maeda,F,3.898
Naomi Kusumi,M,2.232
Hikaru Midorikawa,M,5.998
Issey Takahashi,M,5.251
The 5.6.7.8's,F,0.6
Robert Rodriguez,M,9.312
Quentin Tarantino,M,27.877
Quentin Tarantino,M,27.877
Quentin Tarantino,M,27.877
Lawrence Bender,M,1.646
Uma Thurman,F,31.486
Robert Richardson,M,3.54
Sally Menke,F,2.391
Julie Dreyfus,F,7.353
Koko Maeda,F,2.067
Koko Maeda,F,2.067
Johanna Ray,F,1.766
Harry Cohen,M,1.38
Zoë Bell,F,5.737
Bob Weinstein,M,2.843
Harvey Weinstein,M,6.239
David Wasco,M,1.4
Scott Martin Gershin,M,4.501
Yohei Taneda,M,1.097
Christopher Allen Nelson,M,2.146
RZA,M,10.004
Bob Beher,NS,0.84
Debbie Zoller,F,0.6
Sandy Reynolds-Wasco,F,1.4
Mitsuhisa Ishikawa,M,0.98
Dino Dimuro,NS,0.6
Yoshihito Akatsuka,NS,0.632
John Hartigan,M,0.6
Ilona Herman,F,1.932
Ilona Herman,F,1.932
Frankie Chung,M,1.099
Steve Joyner,M,1.22
Erica Steinberg,F,5.249
Ken Lesco,M,0.7
Peter Bogdanovich,M,4.082
Catherine Marie Thomas,F,1.685
Kwame Parker,NS,1.4
E. Bennett Walsh,M,2.642
Mahiro Maeda,M,4.284
Gregory Nicotero,M,2.921
Gregory Nicotero,M,2.921
Joan Sobel,F,0.6
Daniel Bradford,M,0.741
Michiko Nishiwaki,F,10.195
Spencer Sano,NS,0.6
Noriko Watanabe,F,1.62
Howard Berger,M,2.664
Howard Berger,M,2.664
Jasmine Yuen Carrucan,NS,0.828
Minoru Nishida,M,0.6
Katsuhito Ishii,M,1.614
Mizuho Nishikubo,M,1.446
Shou Tajima,NS,0.6
Shou Tajima,NS,0.6
Katsuji Morishita,M,0.6
Nerses Gezalyan,NS,0.6
James Moriana,NS,0.6
Branden Spencer,NS,0.6
Jeffrey Wilhoit,NS,0.84
Cao Juiping,NS,0.694
Takashi Sasaki,NS,0.84
Jake McKinnon,M,1.686
Kazuto Nakazawa,M,2.398
Ian Kincaid,NS,0.84
Larry McConkey,NS,0.747
Ted Gidlow,M,0.6
Jerome Ro Brooks,M,0.652
Mary Saisselin,NS,0.6
Greg D'Auria,NS,0.6
Jake Garber,M,0.725
Scott Patton,NS,0.6
Scott Patton,NS,0.6
Glenn Cannon,NS,0.6
Monica Staggs,F,2.25
Mitsuo Iso,M,0.84
Motoki Ishida,NS,0.6
Kumiko Ogawa,NS,0.98
Helen Monaghan,NS,0.6
Tom Hartig,M,1.38
Frederick H. Stahly,M,0.658
Michael Hertlein,M,0.6
Wylie Stateman,M,2.076
Andrew Cooper,M,1.123
Kanani Wolf,NS,0.6
Hidefumi Hanatani,M,1.22
Lu Yo Lui,NS,0.6
Heba Thorisdottir,F,0.6
Peter Davidson,M,0.6
Gretchen Engel,NS,0.694
Katrina Siegmund,F,0.6
Peter Michael Sullivan,NS,0.6
Corey Pritchett,NS,0.621
Tommy Tom,NS,0.6
Keith Adams,M,1.094
Daniel Grant North,NS,0.6
Jay B. Richardson,NS,0.84
Derek Raser,NS,1.288
Douglas Dresser,NS,0.6
Akira Morii,M,2.128
David Greenbaum,NS,0.6
Michael Minkler,M,1.22
Hugh Waddell,M,0.98
Brett C. Smith,NS,1.388
Greg Steele,M,1.474
Victoria Wood,F,0.6
John R. Manocchia,M,0.6
Will Casey,NS,0.6
Edward J. Borasch Jr,M,0.6
James Logan,M,2.192
Eriko Miyagawa,NS,0.6
Eddie Bydalek,M,0.6
Shinya Ohira,M,1.4
Eiji Ishimoto,M,0.6
Sushio,M,3.783
Yasunori Miyazawa,M,0.994
Yutaka Sakamoto,NS,0.6
Keiichi Sasajima,M,1.4
Hideki Takahashi,M,0.991
Takaaki Yamashita,M,0.6
Dede Nickerson,NS,0.6
Bruce Del Castillo,M,2.705
Emanuel Millar,NS,0.6
Rachael Lin Gallaghan,NS,0.84
Michelle Kuznetsky,F,0.702
Mary Ramos,F,0.98
Norman Cabrera,M,1.96
Mark Ulano,M,2.869
John Bires,NS,0.6
Steve Borgese,NS,0.6
John Stone,M,0.6
Archie Hankins,NS,0.6
Jeff Plauster,M,0.6
Jessica Miglio,NS,0.6
Cornelia Ryan,F,0.6
Vincent Joseph Flaherty,M,0.6
Michael Spitaletto,NS,0.6
Stephen Dudycha,NS,0.6
Angela Meryl,F,3.347
William Paul Clark,M,1.22
Mark Zunino,NS,0.6
Alexander AD,NS,0.6
Satoko Saito,NS,0.6
Laurel Pickering,NS,0.98
Marie Healy,F,0.6
Ayako Sakahara,NS,0.6
Elizabeth Norton,NS,0.6
Jamie Felz,NS,0.6
Herb Ault,NS,0.6
David Ladish,M,0.6
D.A. Young,M,0.6
Paul Abraham,NS,0.6
Robert Aaron Brown,M,0.6
Don Feeney,NS,0.6
Ian Elias,NS,0.6
Peter Mavromates,NS,0.6
Rome Duval,NS,0.6
Jennifer A. Bolitho,NS,0.6
Elida Cerda,NS,0.6
Leslie Yeransian,NS,0.728
Sho Brown,NS,0.6
Bruce Callahan,NS,0.6
Arturo del Río,NS,0.6
Jennifer Hall Lee,NS,0.6
Greg Fausak,NS,0.6
Khan Griffith,M,0.6
Preston A. Adams,NS,0.6
Carlos Escobar,NS,0.6
Katsumi Furuhashi,NS,0.6
Jennifer S. Deayton,F,0.6
Mike Hurst,NS,0.652
Kelly Bumbarger,NS,0.6
Jason Gustafson,NS,0.6
Daniel R. Kerr,NS,0.6
Julie Helton,NS,0.6
Satya Bellord,NS,0.6
Roger Morris,NS,0.6
Carlos A. Aragon,M,0.6
Shauna Duggins,F,0.6
Jody Hart,M,0.6
Craig S. Jaeger,M,0.6
Sue Smith,F,0.6
Rich King,M,1.048
Adam Blantz,M,0.6
Antonio V. Garrido,M,0.6
Rob Moses,NS,0.6
Kennedy Taylor,NS,0.6
Jonathan Tex Levitt,NS,0.6
Texas Dave,NS,0.6
Aaron Denenberg,NS,0.6
Rui Kuroki,M,0.6
Heather I. Denton,F,0.6
Stephanie Ito,NS,0.6
Andrew Blau,NS,0.6
Lisa McCullough,F,0.84
Charlie Estepp,M,1.534
Gary Fry,NS,0.6
Ty Williams,M,0.661
Go Abe,NS,0.6
Jaime Norman,NS,0.6
Beverly Jusi,NS,0.6
Edward Poveda,NS,0.6
Lisa Bojarski,NS,0.6
Ryan Tighe,NS,0.6
Juning Li,NS,0.6
Kei Itsutsuji,NS,0.6
Ellen C. Troy,NS,0.6
Phill Zagajewski,NS,0.6
Norm Hvam,NS,0.6
Marcus Epps,NS,0.6
Jack Jennings,M,0.6
Melanie C. Brown,NS,0.6
Amy Lin,NS,0.6
Wendi Morris,NS,0.6
Hiroyuki Nakano,NS,0.6
Jerry Carville,NS,0.6
Alan Schwartz,NS,0.6
Ryutaro Ishimori,NS,0.6
Sean Carville,NS,0.6
Junichiro Aki,NS,0.6
Ming Qiu,F,1.22
Uma Thurman,F,31.486
David Carradine,M,16.337
Daryl Hannah,F,18.971
Michael Madsen,M,16.493
Gordon Liu Chia-hui,M,10.954
Michael Parks,M,5.003
Perla Haney-Jardine,F,10.689
Larry Bishop,M,4.367
Samuel L. Jackson,M,53.233
Lucy Liu,F,35.01
Vivica A. Fox,F,16.018
Julie Dreyfus,F,7.353
Christopher Allen Nelson,M,2.146
Helen Kim,F,1.866
Laura Cayouette,F,1.96
Jun Kunimura,M,8.367
Goro Daimon,M,0.6
Kazuki Kitamura,M,6.443
Akaji Maro,M,5.163
Shun Sugata,M,3.028
Sachiko Fujii,F,1.214
Sakichi Satō,M,2.177
Yoji Tanaka,M,4.49
Sō Yamanaka,M,1.634
Chiaki Kuriyama,F,7.711
Claire Smithies,F,4.312
Issey Takahashi,M,5.251
Sid Haig,M,8.457
Bo Svenson,M,5.204
Clark Middleton,M,2.608
Michael Bowen,M,5.52
Jeannie Epper,F,1.624
Ambrosia Kelley,F,2.641
Shana Stein,F,0.6
Caitlin Keats,F,2.726
Jonathan Loughran,M,7.579
James Parks,M,3.283
Kenji Ohba,M,4.711
Yoshiyuki Morishita,M,1.74
Robert Rodriguez,M,9.312
Quentin Tarantino,M,27.877
Quentin Tarantino,M,27.877
Quentin Tarantino,M,27.877
Quentin Tarantino,M,27.877
Lawrence Bender,M,1.646
Uma Thurman,F,31.486
Robert Richardson,M,3.54
Sally Menke,F,2.391
Shin'ichi Chiba,M,4.934
Koko Maeda,F,2.067
Koko Maeda,F,2.067
Johanna Ray,F,1.766
Harry Cohen,M,1.38
Zoë Bell,F,5.737
Bob Weinstein,M,2.843
Harvey Weinstein,M,6.239
David Wasco,M,1.4
Scott Martin Gershin,M,4.501
Yohei Taneda,M,1.097
RZA,M,10.004
RZA,M,10.004
Bob Beher,NS,0.84
Sandy Reynolds-Wasco,F,1.4
Dino Dimuro,NS,0.6
John Hartigan,M,0.6
Ilona Herman,F,1.932
Frankie Chung,M,1.099
Steve Joyner,M,1.22
Erica Steinberg,F,5.249
Catherine Marie Thomas,F,1.685
E. Bennett Walsh,M,2.642
Ricardo Del Río,M,1.38
Joan Sobel,F,0.6
Daniel Bradford,M,0.741
Peggy Eghbalian,NS,0.6
Christopher Tandon,M,0.735
Jasmine Yuen Carrucan,NS,0.828
Jasmine Yuen Carrucan,NS,0.828
Nerses Gezalyan,NS,0.6
James Moriana,NS,0.6
Jeffrey Wilhoit,NS,0.84
Cao Juiping,NS,0.694
Ian Kincaid,NS,0.84
Larry McConkey,NS,0.747
Carl Thiel,M,0.6
Kerry Ann Carmean,NS,0.6
Ted Gidlow,M,0.6
Mary Saisselin,NS,0.6
Jake Garber,M,0.725
Glenn Cannon,NS,0.6
Kumiko Ogawa,NS,0.98
Lee Wimer,NS,0.6
Tom Hartig,M,1.38
Frederick H. Stahly,M,0.658
Michael Hertlein,M,0.6
Wylie Stateman,M,2.076
Andrew Cooper,M,1.123
Kanani Wolf,NS,0.6
Heba Thorisdottir,F,0.6
Peter Davidson,M,0.6
Gretchen Engel,NS,0.694
Corey Pritchett,NS,0.621
Keith Adams,M,1.094
Daniel Grant North,NS,0.6
Jay B. Richardson,NS,0.84
Derek Raser,NS,1.288
Douglas Dresser,NS,0.6
David James,NS,0.6
David Greenbaum,NS,0.6
Michael Minkler,M,1.22
Hugh Waddell,M,0.98
Ron Barr,NS,0.6
Brett C. Smith,NS,1.388
Greg Steele,M,1.474
Hector C. Gika,M,0.6
Peter Owen,NS,0.6
Douglas S. McClintock II,M,0.6
John R. Manocchia,M,0.6
Will Casey,NS,0.6
Kyra Panchenko,NS,0.6
Tysuela Hill-Scott,NS,0.6
Edward J. Borasch Jr,M,0.6
Eddie Bydalek,M,0.6
Gerardo Rene Arellano,NS,0.6
Dede Nickerson,NS,0.6
Jim Hansen,M,1.4
Emanuel Millar,NS,0.6
Rachael Lin Gallaghan,NS,0.84
Mary Ramos,F,0.98
Mark Ulano,M,2.869
Pete Anthony,M,0.611
Pete Anthony,M,0.611
John Bires,NS,0.6
Steve Borgese,NS,0.6
John Stone,M,0.6
Archie Hankins,NS,0.6
Jeff Plauster,M,0.6
Jessica Miglio,NS,0.6
Geraldine Brezca,NS,0.6
Carlos Ponce de León,M,0.6
Cornelia Ryan,F,0.6
Vincent Joseph Flaherty,M,0.6
William Paul Clark,M,1.22
Laurel Pickering,NS,0.98
Elizabeth Norton,NS,0.6
Jamie Felz,NS,0.6
Herb Ault,NS,0.6
David Ladish,M,0.6
Paul Abraham,NS,0.6
Robert Aaron Brown,M,0.6
Don Feeney,NS,0.6
Ian Elias,NS,0.6
Peter Mavromates,NS,0.6
Rome Duval,NS,0.6
Jennifer A. Bolitho,NS,0.6
Elida Cerda,NS,0.6
Bruce Callahan,NS,0.6
Arturo del Río,NS,0.6
Greg Fausak,NS,0.6
Khan Griffith,M,0.6
Jennifer S. Deayton,F,0.6
Jason Gustafson,NS,0.6
Yingchun Fang,NS,0.6
Manuel Barrera Oliver,NS,0.6
Thomas W. Lay Jr.,NS,0.6
Julie Helton,NS,0.6
Kristina Soderquist,NS,0.6
Norberto Nava,M,0.6
Hally Grounds,NS,0.6
Ariel Oclarino,NS,0.6
Satya Bellord,NS,0.6
Edgar Ambriz Espinoza,NS,0.98
Jeff Brinker,NS,0.6
Jessica Vogl,NS,0.6
Alan Meyerson,NS,0.6
Christopher Haydostian,NS,0.6
Víctor Solorio,NS,0.694
Sue Smith,F,0.6
Kevin Connolly,NS,0.6
Rich King,M,1.048
Matthew J. Barden,NS,0.6
Antonio V. Garrido,M,0.6
Rob Moses,NS,0.6
Aaron Denenberg,NS,0.6
Michele Flynn,NS,0.6
Dawn Massaro,NS,0.6
Mike Hurst,NS,0.6
Heather I. Denton,F,0.6
Stephanie Ito,NS,0.6
Andrew Blau,NS,0.6
Janet Kusnick,NS,0.6
Jaime Norman,NS,0.6
Keith O. Wilson,NS,0.6
Ernesto Cairo,NS,0.6
Beverly Jusi,NS,0.6
Dan Duffy,NS,0.6
Edward Poveda,NS,0.6
Ellen C. Troy,NS,0.6
Phill Zagajewski,NS,0.6
Marcus Epps,NS,0.6
Jack Jennings,M,0.6
Amy Lin,NS,0.6
Wendi Morris,NS,0.6
Jerry Carville,NS,0.6
Alan Schwartz,NS,0.6
Sean Carville,NS,0.6
Stephanie A. Fowler,NS,0.6
Perry Strong,NS,0.6
Chris Cullen,NS,0.98
Cheryl Bermeo,F,0.6
Liuba Esperon Otero,NS,0.6
Jessica James,NS,0.6
Arturo Saldivar,NS,0.6
Kurt Russell,M,36.334
Zoë Bell,F,5.737
Rosario Dawson,F,29.704
Vanessa Ferlito,F,11.453
Sydney Tamiia Poitier,F,7.446
Tracie Thoms,F,11.59
Rose McGowan,F,16.675
Jordan Ladd,F,4.741
Mary Elizabeth Winstead,F,41.037
Quentin Tarantino,M,27.877
Marcy Harriell,F,1.688
Eli Roth,M,12.525
Omar Doom,M,2.656
Michael Bacall,M,2.523
Monica Staggs,F,2.25
Jonathan Loughran,M,7.579
Michael Parks,M,5.003
James Parks,M,3.283
Marley Shelton,F,12.625
Helen Kim,F,1.866
Tina Rodriguez,F,3.499
Nicky Katt,M,4.238
Marta Mendoza,F,0.6
Tim Murphy,M,0.6
Melissa Arcaro,F,1.388
Electra Avellan,F,1.863
Elise Avellan,F,2.763
Eurlyne Epper,F,2.188
Jamie L. Dunno,F,0.6
Chris King,NS,0.6
April March,F,0.6
Julitta Pourciau,F,0.6
Amanda Rivas,F,0.84
Kelley Robins Hicks,F,1.015
Gary Teague,NS,1.032
Tommy Nix,M,2.602
Robert Rodriguez,M,9.312
Quentin Tarantino,M,27.877
Quentin Tarantino,M,27.877
Quentin Tarantino,M,27.877
Quentin Tarantino,M,27.877
Quentin Tarantino,M,27.877
Sally Menke,F,2.391
Harry Cohen,M,1.38
Harry Cohen,M,1.38
Zoë Bell,F,5.737
Bob Weinstein,M,2.843
Harvey Weinstein,M,6.239
Elizabeth Avellan,F,0.84
Beth Sepko,F,0.656
Mary Vernieu,F,1.229
Joe D'Augustine,NS,0.98
Dino Dimuro,NS,0.6
Christopher Assells,NS,0.6
Steve Joyner,M,1.22
Nina Proctor,NS,0.6
Erica Steinberg,F,5.249
Jeffrey J. Dashnaw,M,2.4
Jeffrey J. Dashnaw,M,2.4
Ken Zorniak,NS,0.6
Martin Kitrosser,M,2.389
Gregory Nicotero,M,2.921
Gregory Nicotero,M,2.921
Jeanette Scott,F,0.6
Peggy Eghbalian,NS,0.6
Howard Berger,M,2.664
Michael Keller,M,1.38
Joe Rivera,NS,0.6
Barbara Harris,F,1.882
Nerses Gezalyan,NS,0.6
Nerses Gezalyan,NS,0.6
James Moriana,NS,0.6
Jeffrey Wilhoit,NS,0.84
Greg Zimmerman,M,0.924
Shannon McIntosh,F,0.6
Tracy Keehn-Dashnaw,F,1.22
Jimmy Lindsey,M,0.6
J.C. Cantu,M,0.74
David Hack,M,1.094
Tracey Landon,NS,1.654
John McLeod,NS,0.619
Crystal Santos,F,0.98
Harrison Witt,NS,0.6
Dennis Liddiard,NS,1.851
Jonny Pray,NS,0.6
Tom Hartig,M,1.38
Jeffrey W. Petersen,M,0.6
Michael Hertlein,M,0.6
Margit Pfeiffer,F,0.6
Wylie Stateman,M,2.076
Pete Stockton,NS,0.6
Jim Schultz,M,0.6
Jeff B. Adams Jr.,NS,0.6
Andrew Cooper,M,1.123
Ann Scibelli,NS,0.98
Ann Scibelli,NS,0.98
Michael Minkler,M,1.22
Caylah Eddleblute,NS,0.828
Jennifer Long,NS,0.6
Ken Gaston-Kilgore,NS,0.6
P.K. Munson,M,0.6
Pam Fuller,F,0.604
Drew Webster,NS,0.6
Joe McCusker,NS,0.6
Peter Zinda,NS,1.4
Hap Weaver,NS,0.6
Scott Wolf,M,0.98
Will Casey,NS,0.6
Tara Smith,F,0.6
Tysuela Hill-Scott,NS,0.6
Darylin Nagy,NS,0.652
Debbie Cortez Haber,NS,0.6
Steve A. Hagberg,NS,0.6
Edward J. Borasch Jr,M,0.6
David Michael Ableman,NS,0.6
Mike Walker,NS,0.6
Renée Tondelli,NS,0.6
Michael Janov,NS,0.6
Arin Finger,F,0.6
Ryan Tudhope,NS,0.6
Stefan Tarzan,NS,0.98
John 'Fest' Sandau,M,0.63
Dan Kneece,M,2.058
Brenda J. Chambers,NS,0.6
Janice Janacek,NS,0.6
Vanessa Nirode,NS,0.6
Mirin Soliz,NS,0.6
Nina Kawasaki,NS,1.38
Cecil D. Evans,NS,0.6
Ken Stranahan,NS,0.6
Travis Carr,NS,0.6
Eddie Bydalek,M,0.6
Dana Reed,F,0.98
Amber Kirsch,NS,0.6
Crystal Falkner-Paysse,NS,0.6
Joe Montenegro,M,0.6
Cynthia Streit,F,1.38
Mark Ulano,M,2.869
Stephanie Johnson,NS,0.6
Stephen R. Sheridan,NS,0.6
Dina L. Margolin,F,0.98
Shawn Wallbridge,NS,0.6
Selena Carrillo,F,0.608
Edison Jackson,NS,0.694
Logan Cooper,NS,0.6
James F. Cornick,NS,0.6
Mike Revell,M,0.6
Matthew McGinn,NS,0.6
Steve White,M,0.98
Brian Bettwy,NS,1.38
Clark Campbell,NS,0.98
Rocky Quiroz,NS,0.6
Mo Henry,M,1.96
Richard L. Carden,NS,0.6
Jim Shelton,NS,0.6
Jamie Franta,NS,0.6
Karin Silvestri,F,9.281
Chrissy Weathersby Ball,F,0.6
Ronald Perkins,NS,0.6
Alan R. Serotta,NS,0.6
Gary A. Beaird,M,0.6
Bethany Orlemann,NS,0.6
Neil Fraser,NS,0.6
Ferrell A. Shinnick,NS,0.6
Kurt Volk,NS,0.6
Sebastian Vega,NS,0.6
Erin Michelle Hopkins,NS,0.6
Raul Mello,NS,0.6
Sean Wright,NS,0.6
Rick Pratt,NS,0.6
Kenneth Bosse,NS,0.6
Jennifer Mosley,NS,0.6
Daniel Yates,NS,0.6
Dirk Rogers,NS,1.38
Cheri Jacobs,F,0.6
Amanda Curry,NS,0.98
Matthew K. Grigsby,NS,0.6
Eric Johnson,NS,0.6
April Kelley,F,0.6
Susan Jasso,F,0.6
Michael Dudash,NS,0.6
Kurt Kornemann,NS,0.6
Kelly Bogdan,NS,0.6
Mike Sheeren,NS,0.6
Todd Smiley,NS,0.6
Todd Green,NS,0.6
Mary Duque,NS,0.6
Richard M. Moore,NS,0.6
Robert Janecka,NS,0.6
Scott Conn,NS,0.6
Matt Fliehler,NS,0.6
David Rimer,NS,0.766
Barbara Chennault,NS,0.6
Omar Torres,NS,0.6
Michael Semon,NS,0.6
Carrin Welch,NS,0.6
Jammie S. Goodman,NS,0.6
Garry Kirks,NS,0.6
James Toole,NS,0.6
Douglas Gessaman,NS,0.6
Timothy W. Lobdell,NS,0.6
Desmond O'Regan,NS,0.6
Michael P. Weller,NS,0.6
Peter Bret Lennon,NS,1.38
Dan Hammond,NS,0.6
John Eschberger,NS,0.6
Erin Randall,NS,0.6
Matt Morrow,NS,0.6
Kyle Kaufman,NS,0.6
Brian Cross,NS,0.6
Brian Montgomery,NS,0.6
Emily Davis,NS,0.6
Adam Picchietti,NS,0.6
Denny Rubianes,NS,0.6
Greg Urich,NS,0.6
Rob DaFoe,NS,0.6
Brad Pitt,M,56.496
Mélanie Laurent,F,13.135
Christoph Waltz,M,18.598
Eli Roth,M,12.525
Michael Fassbender,M,45.398
Diane Kruger,F,29.846
Daniel Brühl,M,25.756
Til Schweiger,M,13.355
Gedeon Burkhard,M,14.164
Jacky Ido,M,3.142
B.J. Novak,M,16.633
Omar Doom,M,2.656
August Diehl,M,5.666
Denis Ménochet,M,6.771
Sylvester Groth,M,4.464
Martin Wuttke,M,4.879
Mike Myers,M,29.294
Julie Dreyfus,F,7.353
Léa Seydoux,F,21.749
Richard Sammel,M,3.82
Alexander Fehling,M,5.471
Rod Taylor,M,14.396
Samm Levine,M,3.43
Paul Rust,M,6.726
Michael Bacall,M,2.523
Arndt Schwering-Sohnrey,M,2.992
Petra Hartung,F,3.718
Volker Michalowski,M,3.783
Ken Duken,M,8.931
Christian Berkel,M,2.016
Tina Rodriguez,F,3.499
Lena Friedrich,F,2.678
Ludger Pistor,M,1.447
Jana Pallaske,F,7.122
Wolfgang Lindner,M,0.6
Michael Kranz,M,0.706
Rainer Bock,M,3.718
André Penvern,M,2.108
Sebastian Hülk,M,11.702
Buddy Joe Hooker,M,5.404
Sönke Möhring,M,3.326
Carlos Fidel,M,2.112
Hilmar Eichhorn,M,1.272
Patrick Elias,M,2.658
Eva Löbau,F,3.261
Salvadore Brandt,M,1.176
Jasper Linnewedel,M,0.6
Wilfried Hochholdinger,M,1.361
Olivier Girard,M,0.6
Michael Scheel,M,0.776
Leo Plank,M,0.652
Andreas Tietz,NS,0.6
Bo Svenson,M,5.204
Enzo G. Castellari,M,2.409
Christian Brückner,M,1.409
Samuel L. Jackson,M,53.233
Bela B.,M,1.053
Noemi Besedes,F,0.7
Hélène Cardona,F,0.84
Jake Garber,M,0.725
Sabrina Rattey,F,1.76
Alex Boden,M,0.6
Guido Föhrweißer,M,1.632
Harvey Keitel,M,23.147
Andrew Napier,M,0.631
Gregory Nicotero,M,2.921
Quentin Tarantino,M,27.877
Vitus Wieser,M,0.98
Bea-Marie Rück,F,0.6
Daniela Schwerdt,F,0.6
Anne-Sophie Franck,F,0.62
Quentin Tarantino,M,27.877
Quentin Tarantino,M,27.877
Lawrence Bender,M,1.646
Robert Richardson,M,3.54
Sally Menke,F,2.391
Johanna Ray,F,1.766
Harry Cohen,M,1.38
Zoë Bell,F,5.737
Zoë Bell,F,5.737
Lloyd Phillips,M,0.61
Maggie Cheung,F,12.704
Tom Tykwer,M,2.672
Bob Weinstein,M,2.843
Harvey Weinstein,M,6.239
David Wasco,M,1.4
Simone Bär,F,3.265
Anna B. Sheppard,F,4.101
Joe D'Augustine,NS,0.98
Cloris Leachman,F,13.095
Sandy Reynolds-Wasco,F,1.4
Henning Molfenter,M,0.724
Charlie Woebcken,M,1.094
Marco Bittner Rosser,NS,1.38
Sebastian T. Krawinkel,M,0.6
Antje Rau,F,1.582
Sascha Girndt,M,0.6
Alexandra Nazahn,F,0.6
Stephan O. Gessler,NS,0.6
Bud Davis,M,1.172
Tony Lamberti,M,0.6
Bruce Moriarty,M,2.842
Olivier Carbone,M,1.4
Erica Steinberg,F,5.249
Jeffrey J. Dashnaw,M,2.4
John Dykstra,M,1.4
Katrin Schneider,NS,0.6
Martin Kitrosser,M,2.389
Gregory Nicotero,M,2.921
Barry Primus,M,2.798
Howard Berger,M,2.664
Carlos Fidel,M,2.112
Giorgio Armani,M,1.22
Julie Garcés,F,0.6
Tim Trella,M,1.62
Gabriel Roth,M,1.553
David Scheunemann,M,0.6
Pilar Savone,F,0.6
Jenny Jue,F,0.98
Evan Henke,NS,0.6
Gregg Baxter,NS,0.6
Christoph Fisser,M,0.84
François Duhamel,M,1.552
Jake Garber,M,0.725
Dörte Eben,NS,0.6
Nils Konrad,NS,0.6
Wylie Stateman,M,2.076
Sebastian Meuschel,NS,0.828
Jim Schultz,M,0.6
Caroline Veyssière,NS,0.6
Matthias Pilz,NS,0.648
Heba Thorisdottir,F,0.6
Ann Scibelli,NS,0.98
Michael Minkler,M,1.22
Tina Anderson,F,0.6
Klaus Große Darrelmann,NS,0.6
Viktor Müller,M,0.694
Michael Scheel,M,0.776
Sheryl Benko,NS,0.6
Emanuel Millar,NS,0.6
Yvan Lucas,NS,0.753
Mary Ramos,F,0.6
Mark Ulano,M,2.895
Stephanie Johnson,NS,0.696
Gregor Tavenner,NS,1.4
Birgit Dierken,NS,0.98
Geraldine Brezca,NS,0.6
Gregor Wilson,NS,0.6
William Paul Clark,M,1.4
Gero Neumann,NS,0.6
Erin Hopkins,NS,0.6
Danny Bortfeld,NS,0.6
Lester Dunton,NS,0.6
Christopher Berg,M,0.6
Matthew Sakata,NS,0.6
Sebastiano Cartier,NS,0.6
Nicole Dierken,F,0.6
Kristin Haberland,F,0.6
Dennis Grzesczak,M,0.6
Sönke Korries,NS,0.6
Michael Duessel,NS,0.6
Jamie Foxx,M,28.924
Christoph Waltz,M,18.598
Leonardo DiCaprio,M,66.736
Kerry Washington,F,27.751
Samuel L. Jackson,M,53.233
Walton Goggins,M,19.114
Dennis Christopher,M,2.705
James Remar,M,13.007
David Steen,M,1.62
Dana Gourrier,F,2.771
Nichole Galicia,F,19.137
Laura Cayouette,F,1.96
Ato Essandoh,M,6.419
Sammi Rotibi,M,2.001
Clay Donahue Fontenot,M,3.415
Escalante Lundy,M,0.98
Miriam F. Glover,F,1.954
Don Johnson,M,16.592
Franco Nero,M,18.532
James Russo,M,11.513
Tom Wopat,M,7.093
Don Stroud,M,4.121
Amber Tamblyn,F,6.713
Bruce Dern,M,19.77
M.C. Gainey,M,9.833
Cooper Huckabee,M,2.65
Doc Duhame,M,1.458
Jonah Hill,M,33.115
Lee Horsley,M,8.073
Zoë Bell,F,5.737
Michael Bowen,M,5.52
Robert Carradine,M,11.995
Jake Garber,M,1.083
Ted Neeley,M,1.855
James Parks,M,3.283
Tom Savini,M,7.423
Michael Parks,M,5.003
John Jarratt,M,2.968
Quentin Tarantino,M,27.877
Amari Cheatom,M,1.4
Keith Jefferson,M,1.272
Marcus Henderson,M,1.4
Lil Chuuch,M,0.6
Kinetic,M,0.694
Louise Stratten,F,4.099
Kim Robillard,M,1.269
Shana Stein,F,0.6
Shannon Hazlett,F,0.6
Jack Lucarelli,M,1.22
Victoria Thomas,F,3.275
Grace Collins,F,0.6
Sharon Pierre-Louis,F,0.6
Christopher Berry,M,3.902
Kim Collins,M,0.696
Dane Rhodes,M,1.834
J.D. Evermore,M,7.158
Rex Linn,M,19.928
Michael Bacall,M,2.523
Ronan Hice,M,0.6
Ned Bellamy,M,6.577
Dave Coennen,M,0.6
Danièle Watts,F,1.4
Jon Eyez,M,2.79
Omar J. Dorsey,M,1.578
Evan Parke,M,5.193
Craig Stark,M,1.896
Brian Brown,M,0.6
Ritchie Montgomery,M,2.031
Nicholas Dashnaw,M,0.6
Jarrod Bunch,M,0.652
Edrick Browne,M,3.071
Kerry Sims,M,0.6
Jamal Duff,M,2.602
Todd Allen,M,2.421
Lewis Smith,M,4.863
Keniaryn Mitchell,NS,0.6
Jakel Marshall,NS,0.6
Carl Singleton,M,0.98
Ashley Toman,NS,0.6
John McConnell,M,3.576
Mark Amos,M,0.6
Monica Rene'e Anderson,F,0.6
Marsha Stephanie Blake,F,2.924
Catherine Lambert,F,1.62
Deborah Ayorinde,F,6.195
Takara Clark,F,1.614
Kimberley Drummond,F,1.4
Tenaj L. Jackson,F,0.98
Carl Bailey,M,1.141
Ross P. Cook,M,0.98
Gregory Allen Gabroy,M,0.6
Seth Bailey,M,0.6
David G. Baker,M,1.4
Richie J. Ladner,M,0.6
Glen Warner,M,1.4
Kesha Bullard,F,0.98
Edward J. Clare,M,0.84
Jordon Michael Corbin,M,0.6
Mike DeMille,M,0.6
Gary Grubbs,M,9.795
Justin Hall,M,1.4
Sandra Linz,F,0.6
Kasey James,M,0.6
Skipper Landry,NS,0.6
Cindy Mah,F,0.6
Johnny Otto,M,4.68
Belinda Owino,F,0.6
Mark Ulano,M,2.895
Misty Upham,F,1.01
Russ Tamblyn,M,8.368
Fatimah Taliah,F,0.6
Santana Draper,M,0.6
Robert Rodriguez,M,9.312
Quentin Tarantino,M,27.877
Quentin Tarantino,M,27.877
Robert Richardson,M,3.54
Harry Cohen,M,1.38
Victoria Thomas,F,3.275
Bob Weinstein,M,2.843
Harvey Weinstein,M,6.239
James W. Skotchdopole,M,3.682
James W. Skotchdopole,M,3.682
RZA,M,10.004
Michael Shamberg,M,4.653
Stacey Sher,F,2.524
Richard Roundtree,M,10.214
Sacha Baron Cohen,M,10.361
Kurt Russell,M,36.334
J. Michael Riva,M,1.186
Leslie A. Pope,F,1.094
Tim Monich,NS,0.714
Tony Lamberti,M,0.6
David F. Klassen,M,1.092
Sharen Davis,F,0.98
Franco Nero,M,18.532
Page Buckner,NS,0.6
Jeffrey J. Dashnaw,M,2.4
Joseph Gordon-Levitt,M,29.503
Nancy Piraquive,F,0.6
Fred Raskin,M,1.625
Martin Kitrosser,M,2.389
Gregory Nicotero,M,2.921
Luis Bacalov,M,0.98
Reginald Hudlin,M,1.697
Andrew S. Eisen,M,0.6
Andrew S. Eisen,M,0.6
Erik Polczwartek,M,0.6
Lady Gaga,F,10.161
Branden Spencer,NS,0.6
Ian Kincaid,NS,0.84
Dror Mohar,M,0.6
Shannon McIntosh,F,0.6
Mara LePere-Schloop,NS,0.6
Larry McConkey,NS,0.747
Pilar Savone,F,0.6
Gary A. Hecker,M,3.431
Gino Crognale,M,0.6
Greg D'Auria,NS,0.6
Jake Garber,M,1.083
Elaine Ramires,NS,0.6
Chere Theriot,NS,0.6
Gary Marullo,NS,0.6
Nancy Nugent,F,0.652
Mandi Dillin,NS,0.6
Michael Hertlein,M,0.6
Wylie Stateman,M,1.586
Russell R. Anderson,NS,0.6
Cuitlahuac Morales Velazquez,NS,0.6
Lauri Mills,NS,0.6
Andrew Cooper,M,1.077
John C. Stuver,M,0.694
Heba Thorisdottir,F,0.6
Hope M. Parrish,F,0.6
Molly Allen,F,0.98
Robb Boyd,NS,0.6
Michael Minkler,M,1.4
Tina Anderson,F,0.6
Molly Mikula,NS,0.6
Hector C. Gika,M,0.6
Victoria Wood,F,0.6
Deidra Dixon,F,1.642
Durel Yates,NS,0.6
Marc A. Hammer,NS,0.6
Will Casey,NS,0.6
Michael D. Wilhoit,NS,1.385
Tysuela Hill-Scott,NS,0.6
Renée Tondelli,NS,0.84
A. Welch Lambeth,NS,0.6
Steve Duncan,NS,0.98
Sian Grigg,NS,2.031
Camille Friend,F,1.396
Caleb Guillotte,NS,0.6
Lauren Abiouness,F,0.6
Brian Walker,M,0.6
Julie Stark,F,0.6
Joseph Guerino,NS,0.6
Kei Rowan-Young,NS,0.6
Remi Savva,NS,0.6
Bruce Del Castillo,M,1.932
Mark Amos,M,0.6
Craig Branham,NS,0.98
Yvan Lucas,NS,0.753
Mary Ramos,F,0.6
Mark Ulano,M,2.895
Gregor Tavenner,NS,1.4
Jessica Lakoff,F,0.6
William Paul Clark,M,1.4
William Paul Clark,M,1.4
Nicole Reed LeFevre,NS,0.6
Craig S. Jaeger,M,0.6
Kellie Robinson,NS,0.6
Greg Hale,M,0.728
Vince LeBlanc,NS,0.6
Darren Patnode,NS,0.6
Chandler Vinar,NS,0.6
Greg Steele,NS,0.6
Stephanie Portnoy Porter,F,3.783
John Lamkin,NS,0.6
Chris Britt,NS,0.6
Jason Portera,NS,0.6
Samuel L. Jackson,M,53.233
Kurt Russell,M,36.334
Jennifer Jason Leigh,F,40.947
Walton Goggins,M,19.114
Demián Bichir,M,9.435
Tim Roth,M,20.822
Michael Madsen,M,16.493
Bruce Dern,M,19.77
James Parks,M,3.283
Dana Gourrier,F,2.771
Zoë Bell,F,5.737
Lee Horsley,M,8.073
Gene Jones,M,2.211
Keith Jefferson,M,0.763
Craig Stark,M,1.896
Belinda Owino,F,0.6
Channing Tatum,M,68.091
Quentin Tarantino,M,27.877
Quentin Tarantino,M,27.877
Quentin Tarantino,M,27.877
Quentin Tarantino,M,27.877
Robert Richardson,M,3.54
Victoria Thomas,F,3.275
Ennio Morricone,M,2.772
Bill Abbott,M,1.123
Bob Weinstein,M,2.843
Harvey Weinstein,M,6.239
Georgia Kacandes,F,0.6
Yohei Taneda,M,1.097
Stacey Sher,F,2.524
Richard L. Johnson,M,1.009
Richard N. Gladstein,M,0.861
Rosemary Brandenburg,F,1.518
Jeffrey J. Dashnaw,M,2.4
Fred Raskin,M,1.625
Martin Kitrosser,M,2.389
Andrew S. Eisen,M,0.6
Greg Funk,M,1.4
Shannon McIntosh,F,0.6
Gary A. Hecker,M,3.431
Carole Zacek,NS,0.6
Lara Perez Takagi,NS,0.6
Courtney Hoffman,F,1.306
Jonny Pray,NS,0.6
Benjamin Edelberg,NS,0.6
Sylvain Lasseur,NS,0.6
Michael Hertlein,M,0.6
Wylie Stateman,M,2.076
Wylie Stateman,M,2.076
Christian P. Minkler,M,0.6
Rick Owens,NS,0.694
Darren Poe,NS,0.98
Tricia Yoo,F,0.6
Joshua Coleman,NS,0.694
Andrew Cooper,M,1.123
Heba Thorisdottir,F,0.6
Bob Moore Jr.,NS,0.828
Lisa Goldberg,NS,0.6
Michael Harden,NS,0.6
Michael Minkler,M,1.22
Michael Minkler,M,1.22
Tina Anderson,F,0.6
Stan Parks,NS,1.38
Hector C. Gika,M,0.6
Barbara Cantu,NS,0.6
Marina Marit,NS,1.094
Michael Diersing,NS,0.6
Marc A. Hammer,NS,0.6
Diana Choi,F,0.6
Bruno Van Zeebroeck,M,3.76
Camille Friend,F,0.838
Robert 'Rock' Galotti,M,1.407
Lauren Hadaway,F,1.96
Shawn Broes,NS,0.6
Bruce Del Castillo,M,2.705
Sara Ghaffar,NS,0.694
Laurent Gillet,NS,0.6
Brittany Montero,NS,0.6
Mark Webb,NS,0.6
Mary Ramos,F,0.98
Mark Ulano,M,2.869
Mark Ulano,M,2.869
Molly Tissavary,NS,0.6
Gregor Tavenner,NS,1.22
Jen R. Clark,NS,0.6
Holly E. McCarthy,NS,0.6
Mike Edmonson,NS,0.6
Kil Won Yu,NS,1.38
Megan Louise Smith,NS,0.6
Ashley Bradford,NS,0.6
Patrick Ready,NS,0.6
Louise DeCordoba,NS,0.6
Nick Marra,NS,0.6
William Paul Clark,M,1.22
Billy Hobson,M,0.6
Coco Francini,NS,0.6
Matt Lange,NS,0.6
Leonardo DiCaprio,M,66.736
Brad Pitt,M,56.496
Margot Robbie,F,50.993
Emile Hirsch,M,26.845
Margaret Qualley,F,12.172
Timothy Olyphant,M,49.625
Julia Butters,F,21.868
Austin Butler,M,94.319
Dakota Fanning,F,30.547
Bruce Dern,M,19.77
Mike Moh,M,4.619
Luke Perry,M,13.31
Damian Lewis,M,10.966
Al Pacino,M,68.403
Nicholas Hammond,M,4.745
Samantha Robinson,F,6.634
Rafał Zawierucha,M,7.459
Lorenza Izzo,F,10.283
Costa Ronin,M,3.024
Damon Herriman,M,8.497
Lena Dunham,F,5.025
Madisen Beaty,F,7.532
Mikey Madison,F,26.385
James Landry Hébert,M,9.551
Maya Hawke,F,16.226
Victoria Pedretti,F,63.057
Sydney Sweeney,F,140.582
Harley Quinn Smith,F,6.721
Dallas Jay Hunter,F,0.98
Kansas Bowling,F,3.72
Parker Love Bowling,NS,0.752
Cassidy Vick Hice,F,1.977
Ruby Rose Skotchdopole,F,1.62
Danielle Harris,F,16.945
Josephine Valentina Clark,NS,0.6
Scoot McNairy,M,13.703
Clifton Collins Jr.,M,9.6
Marco Rodríguez,M,3.757
Ramón Franco,M,2.641
Raúl Cardona,M,0.6
Courtney Hoffman,F,1.306
Dreama Walker,F,9.275
Rachel Redleaf,F,1.271
Rebecca Rittenhouse,F,6.661
Rumer Willis,F,8.388
Spencer Garrett,M,3.323
Clu Gulager,M,8.577
Martin Kove,M,17.621
Rebecca Gayheart,F,8.596
Kurt Russell,M,36.334
Zoë Bell,F,5.737
Michael Madsen,M,16.493
Perla Haney-Jardine,F,10.689
James Remar,M,13.007
Monica Staggs,F,2.25
Craig Stark,M,1.896
Keith Jefferson,M,0.763
Omar Doom,M,2.656
Kate Berlant,F,7.044
Victoria Truscott,F,1.22
Allison Yaple,NS,0.6
Bruce Del Castillo,M,2.705
Brenda Vaccaro,F,15.952
Lew Temple,M,4.731
Daniella Pick,NS,0.6
David Steen,M,1.62
Mark Warrack,NS,0.6
Gabriela Flores,F,2.983
Heba Thorisdottir,F,0.6
Breanna Wing,NS,1.094
Kenneth Sonny Donato,NS,0.6
Sergio Gonzalez,NS,0.6
Casey O'Neill,M,4.054
Michael Graham,M,1.094
Emile Williams,NS,0.98
Vincent Laresca,M,5.734
JLouis Mills,NS,0.6
Gilbert Saldivar,NS,1.166
Maurice Compte,M,12.302
Eddie Perez,M,4.097
Hugh McCallum,NS,0.6
Zander Grable,M,0.98
Ed Regine,NS,0.6
Michael Bissett,NS,0.6
Lenny Langley Jr.,NS,0.6
Gillian M. Berrow,F,0.84
Chad Ridgely,M,1.4
Chic Daniel,M,2.059
Corey Burton,M,9.91
Michaela Sprague,F,1.566
Ryan Ramirez,NS,0.6
Kayla Jenee Radomski,F,1.62
Kerry Westcott,F,1.346
William DeAtley,M,0.6
Brianna Joy Chomer,F,7.642
Quentin Tarantino,M,27.877
Johnny Otto,M,3.004
Gina Aponte,F,2.577
Quentin Tarantino,M,27.877
Quentin Tarantino,M,27.877
Quentin Tarantino,M,27.877
Quentin Tarantino,M,27.877
Tim Roth,M,20.822
Robert Richardson,M,3.54
Harry Cohen,M,1.38
Zoë Bell,F,5.737
Victoria Thomas,F,3.275
John Dexter,M,4.97
Nancy Haigh,F,0.618
Georgia Kacandes,F,0.6
Georgia Kacandes,F,0.6
Barbara Ling,F,0.996
Richard L. Johnson,M,1.009
Toni Basil,F,6.284
Jim Palmer,M,2.055
David Heyman,M,2.216
Tim Monich,NS,0.714
James Marsden,M,30.179
John Dykstra,M,1.4
Adam West,M,11.607
Burt Ward,M,2.405
Arianne Phillips,F,0.6
Sergio Corbucci,M,5.545
Fred Raskin,M,1.625
Martin Kitrosser,M,2.389
Gregory Nicotero,M,2.921
Kathy Lucas,F,2.084
Gary Archer,M,1.094
Yu Dong,M,0.6
Keith Jardine,M,2.586
Paul Sonski,NS,0.84
Jeremy Fitzgerald,M,4.094
Richard Schuler,NS,0.6
Peter Epstein,M,0.84
Toby Holguin,M,1.96
Marcus Young,M,0.828
Greg Funk,M,1.4
Ian Kincaid,NS,0.84
Tara Macken,F,3.082
Jeffrey Chan,NS,0.6
William Fletcher,NS,0.828
Debra Tate,NS,0.98
Shannon McIntosh,F,0.6
Eric Sundahl,M,1.008
Nichole Galicia,F,19.137
Sarah Contant,F,0.6
Gary A. Hecker,M,3.431
Samuel Le,NS,1.38
Andrés Murillo,NS,0.6
Tristan Paris Bourne,NS,0.6
Betsy Glick,NS,0.6
Jean Ann Black,NS,0.63
Lynda Foote,NS,0.6
Sylvain Lasseur,NS,0.6
Sam Page,NS,1.266
Anne Porter,F,0.6
Tom Hartig,M,1.38
Patrushkha Mierzwa,NS,1.38
Nathan Kelly,NS,0.6
Wylie Stateman,M,2.076
Susannah Carradine,F,0.6
Corey Bronson,NS,0.694
Christian P. Minkler,M,0.6
Rick Owens,NS,0.694
Sara Philpott,NS,0.6
Andrew Cooper,M,1.123
Heba Thorisdottir,F,0.6
Pete Romano,M,3.15
Michael Minkler,M,1.22
Lisa Tutunjian,NS,0.828
Tina Anderson,F,0.6
Angel Acosta,NS,0.6
Shari Ratliff,NS,0.6
Henry Tirl,M,0.609
Rob O'Malley,NS,0.6
John R. Manocchia,M,0.6
Will Casey,NS,0.6
Janine Rath,NS,1.528
Sian Grigg,NS,2.209
Andrew Blustain,NS,0.6
Kyle Rochlin,M,0.6
Anna Quinn,F,0.6
Michael Thurman,NS,1.38
Mark Weissenfluh,NS,0.6
Leigh Bell,NS,0.6
Kelly Porter,NS,1.4
Dana Reed,F,0.98
Jeff Frost,NS,0.6
Eric Salas,M,0.84
Bruce Del Castillo,M,2.705
Chris Tonick,M,0.828
Anthony DiMaria,NS,0.996
Charlotte Nichol,NS,0.6
Jessica Ripka,NS,0.6
Jeremy Hays,NS,1.22
Jimmy Hart,M,0.6
Michelle Diamantides,NS,0.6
Mary Ramos,F,0.98
Mark Ulano,M,2.869
Gregor Tavenner,NS,1.22
Chris Call,M,0.6
Corey Deist,NS,0.6
Michyl-Shannon Quilty,F,0.6
Joel A. Ruiz,NS,0.6
Lisa Hoyle,F,1.094
Cindy Mah,F,0.6
William Paul Clark,M,1.22
William Paul Clark,M,1.22
Marc Tantin,NS,0.828
Vanessa Riegel,F,0.6
Jennifer Yoo,NS,0.6
Chris Centrella,NS,0.6
Mark Aaron Wagner,M,2.507
Tina Charad,NS,0.6
Allan Padelford,NS,0.6
Bryan Lane,NS,0.6
Krystina Figg,NS,0.98
Jared Gibson,NS,0.6
Norman Mora,M,1.586
Dario Perez,NS,0.6
Seana Gorlick,NS,0.6
Braxton McAllister,NS,0.696
Marc Banich,NS,0.6
Stephen Bettles,NS,0.98
Lauren Baker,NS,0.6
Rio Noel Zumwalt,NS,0.6
Vince Manocchia,NS,0.6
Robin Borman,NS,0.6
Fante Zamora,NS,0.6
Rusty Davis,NS,0.6
Hugh McCallum,NS,0.6
Jason Zorigian,NS,0.6
Michaela McAllister,F,1.96
Dalton Rondell,M,0.6
Jon Nicholson,NS,0.6
Christopher T. Sadler,NS,0.787
Darren Patnode,NS,0.6
Nashon Petrushkin,F,0.6
Brendan Lee,NS,0.6
Mike Byrd,NS,0.6
Maryellen Aviano,F,1.4
Brit DeLillo,F,0.996
Riley Harper,M,2.647
Glen Yrigoyen,M,0.6
Dylan Hice,NS,0.6
Zoe Gardner,NS,0.6
Karl Van Moorsel,NS,0.6
Jory Alvarado,NS,0.6
Carla Lewis,NS,0.6
Chris Howland,NS,0.6
Felicia Leilani Jarvis,NS,0.6
Zach Goheen,NS,1.094
David Tichauer,NS,0.6
Kevin Souls,NS,0.6
Lance Malbon,NS,0.6
Kimberly Shannon Murphy,F,1.317
Amy Redfern,NS,0.6
Leigh Jonte,F,0.694
Edward R. Apodaca,M,0.6
Paul Kahil,NS,0.6
Mike Morales,NS,0.6
Michael James Faradie,M,0.84
Leo Marcil,M,0.6
Leah Holmes,NS,0.6
Brandon Linville,NS,0.6
Christina Beaumont,NS,0.6
Stephen Mapel,NS,0.6
Jessica Adler,NS,0.6
Mayra-Alejandra Garcia,F,0.6
Katie Pruitt,NS,0.6
Paola Magrans,NS,0.6
Celine Eva Gimpirea,NS,0.6
Roxanne Gross,NS,0.629
Daren Metropoulos,NS,0.6
Megan Morris,NS,0.6
Brett Elliott,NS,0.6
Andrew Williams,NS,0.6
Donnell Wiley,NS,0.6
Jose Reyes,NS,0.6
Debbie Chung,NS,0.6
Ericka Poniewaz,NS,0.6
Rob Alonzo,NS,0.6
Rob Alonzo,NS,0.6
Sierra Schotts,NS,0.6
Bill Harrison,M,0.6
